date,channel,campaign_id,tier_name,tier_decile_start,tier_decile_end,spend,reported_revenue,treatment_conversions,treatment_users,control_conversions,control_users
2026-01-31,Google Ads,GOOGLE_ADS_CMP_01,Tier 1 (High intent),1,2,669.33,7402.5,874,14350,843,14350
2026-01-31,Google Ads,GOOGLE_ADS_CMP_01,Tier 2 (Mid intent),3,5,764.94,2326.5,880,44698,486,44698
2026-01-31,Google Ads,GOOGLE_ADS_CMP_01,Tier 3 (Broad),6,10,478.09,846.0,558,110100,183,110100
2026-01-31,Google Ads,GOOGLE_ADS_CMP_02,Tier 1 (High intent),1,2,396.05,5197.5,755,12723,743,12723
2026-01-31,Google Ads,GOOGLE_ADS_CMP_02,Tier 2 (Mid intent),3,5,452.63,1633.5,863,41974,488,41974
2026-01-31,Google Ads,GOOGLE_ADS_CMP_02,Tier 3 (Broad),6,10,282.89,594.0,593,117261,168,117261
2026-01-31,Meta Ads,META_ADS_CMP_01,Tier 1 (High intent),1,2,422.08,3300.0,831,15123,657,15123
2026-01-31,Meta Ads,META_ADS_CMP_01,Tier 2 (Mid intent),3,5,562.77,1800.0,790,43407,280,43407
2026-01-31,Meta Ads,META_ADS_CMP_01,Tier 3 (Broad),6,10,422.08,900.0,596,118174,124,118174
2026-01-31,Meta Ads,META_ADS_CMP_02,Tier 1 (High intent),1,2,423.42,3341.25,816,16403,720,16403
2026-01-31,Meta Ads,META_ADS_CMP_02,Tier 2 (Mid intent),3,5,564.56,1822.5,985,48106,315,48106
2026-01-31,Meta Ads,META_ADS_CMP_02,Tier 3 (Broad),6,10,423.42,911.25,608,116204,125,116204
2026-01-31,Netflix Ads,NETFLIX_ADS_CMP_01,Tier 1 (High intent),1,2,69.81,93.75,533,11375,256,11375
2026-01-31,Netflix Ads,NETFLIX_ADS_CMP_01,Tier 2 (Mid intent),3,5,209.43,131.25,479,34391,180,34391
2026-01-31,Netflix Ads,NETFLIX_ADS_CMP_01,Tier 3 (Broad),6,10,418.87,150.0,476,105499,153,105499
2026-01-31,Netflix Ads,NETFLIX_ADS_CMP_02,Tier 1 (High intent),1,2,79.51,93.75,0,97,3,97
2026-01-31,Netflix Ads,NETFLIX_ADS_CMP_02,Tier 2 (Mid intent),3,5,238.53,131.25,649,40360,280,40360
2026-01-31,Netflix Ads,NETFLIX_ADS_CMP_02,Tier 3 (Broad),6,10,477.07,150.0,376,105273,124,105273
2026-01-31,TikTok Ads,TIKTOK_ADS_CMP_01,Tier 1 (High intent),1,2,132.85,720.0,598,13075,387,13075
2026-01-31,TikTok Ads,TIKTOK_ADS_CMP_01,Tier 2 (Mid intent),3,5,310.0,840.0,697,40124,175,40124
2026-01-31,TikTok Ads,TIKTOK_ADS_CMP_01,Tier 3 (Broad),6,10,442.85,840.0,409,109649,81,109649
2026-01-31,TikTok Ads,TIKTOK_ADS_CMP_02,Tier 1 (High intent),1,2,125.31,225.0,598,10922,405,10922
2026-01-31,TikTok Ads,TIKTOK_ADS_CMP_02,Tier 2 (Mid intent),3,5,292.38,262.5,661,40757,205,40757
2026-01-31,TikTok Ads,TIKTOK_ADS_CMP_02,Tier 3 (Broad),6,10,417.69,262.5,430,112413,59,112413
2026-02-01,Google Ads,GOOGLE_ADS_CMP_01,Tier 1 (High intent),1,2,362.83,5565.0,924,15164,891,15164
2026-02-01,Google Ads,GOOGLE_ADS_CMP_01,Tier 2 (Mid intent),3,5,414.67,1749.0,801,42563,463,42563
2026-02-01,Google Ads,GOOGLE_ADS_CMP_01,Tier 3 (Broad),6,10,259.17,636.0,639,119644,164,119644
2026-02-01,Google Ads,GOOGLE_ADS_CMP_02,Tier 1 (High intent),1,2,631.98,8610.0,807,12711,752,12711
2026-02-01,Google Ads,GOOGLE_ADS_CMP_02,Tier 2 (Mid intent),3,5,722.27,2706.0,750,38747,410,38747
2026-02-01,Google Ads,GOOGLE_ADS_CMP_02,Tier 3 (Broad),6,10,451.42,984.0,589,115871,210,115871
2026-02-01,Meta Ads,META_ADS_CMP_01,Tier 1 (High intent),1,2,289.57,1608.75,835,15484,705,15484
2026-02-01,Meta Ads,META_ADS_CMP_01,Tier 2 (Mid intent),3,5,386.1,877.5,778,40740,244,40740
2026-02-01,Meta Ads,META_ADS_CMP_01,Tier 3 (Broad),6,10,289.57,438.75,575,114000,104,114000
2026-02-01,Meta Ads,META_ADS_CMP_02,Tier 1 (High intent),1,2,292.23,2805.0,779,15119,636,15119
2026-02-01,Meta Ads,META_ADS_CMP_02,Tier 2 (Mid intent),3,5,389.64,1530.0,908,47369,345,47369
2026-02-01,Meta Ads,META_ADS_CMP_02,Tier 3 (Broad),6,10,292.23,765.0,558,110547,143,110547
2026-02-01,Netflix Ads,NETFLIX_ADS_CMP_01,Tier 1 (High intent),1,2,62.49,93.75,639,12506,273,12506
2026-02-01,Netflix Ads,NETFLIX_ADS_CMP_01,Tier 2 (Mid intent),3,5,187.48,131.25,605,39957,269,39957
2026-02-01,Netflix Ads,NETFLIX_ADS_CMP_01,Tier 3 (Broad),6,10,374.96,150.0,342,98370,123,98370
2026-02-01,Netflix Ads,NETFLIX_ADS_CMP_02,Tier 1 (High intent),1,2,90.94,131.25,5,84,2,84
2026-02-01,Netflix Ads,NETFLIX_ADS_CMP_02,Tier 2 (Mid intent),3,5,272.81,183.75,585,37074,241,37074
2026-02-01,Netflix Ads,NETFLIX_ADS_CMP_02,Tier 3 (Broad),6,10,545.62,210.0,473,109654,110,109654
2026-02-01,TikTok Ads,TIKTOK_ADS_CMP_01,Tier 1 (High intent),1,2,80.23,382.5,655,13183,418,13183
2026-02-01,TikTok Ads,TIKTOK_ADS_CMP_01,Tier 2 (Mid intent),3,5,187.2,446.25,752,39570,198,39570
2026-02-01,TikTok Ads,TIKTOK_ADS_CMP_01,Tier 3 (Broad),6,10,267.44,446.25,473,119362,106,119362
2026-02-01,TikTok Ads,TIKTOK_ADS_CMP_02,Tier 1 (High intent),1,2,69.16,427.5,666,13189,437,13189
2026-02-01,TikTok Ads,TIKTOK_ADS_CMP_02,Tier 2 (Mid intent),3,5,161.37,498.75,622,36264,147,36264
2026-02-01,TikTok Ads,TIKTOK_ADS_CMP_02,Tier 3 (Broad),6,10,230.53,498.75,486,124077,67,124077
2026-02-02,Google Ads,GOOGLE_ADS_CMP_01,Tier 1 (High intent),1,2,592.42,9345.0,850,13708,742,13708
2026-02-02,Google Ads,GOOGLE_ADS_CMP_01,Tier 2 (Mid intent),3,5,677.05,2937.0,836,45709,446,45709
2026-02-02,Google Ads,GOOGLE_ADS_CMP_01,Tier 3 (Broad),6,10,423.16,1068.0,509,99892,121,99892
2026-02-02,Google Ads,GOOGLE_ADS_CMP_02,Tier 1 (High intent),1,2,549.71,8400.0,841,14731,794,14731
2026-02-02,Google Ads,GOOGLE_ADS_CMP_02,Tier 2 (Mid intent),3,5,628.24,2640.0,787,40334,480,40334
2026-02-02,Google Ads,GOOGLE_ADS_CMP_02,Tier 3 (Broad),6,10,392.65,960.0,551,119606,177,119606
2026-02-02,Meta Ads,META_ADS_CMP_01,Tier 1 (High intent),1,2,304.66,2145.0,771,14346,622,14346
2026-02-02,Meta Ads,META_ADS_CMP_01,Tier 2 (Mid intent),3,5,406.22,1170.0,845,46729,255,46729
2026-02-02,Meta Ads,META_ADS_CMP_01,Tier 3 (Broad),6,10,304.66,585.0,534,105002,121,105002
2026-02-02,Meta Ads,META_ADS_CMP_02,Tier 1 (High intent),1,2,259.72,2310.0,882,15070,751,15070
2026-02-02,Meta Ads,META_ADS_CMP_02,Tier 2 (Mid intent),3,5,346.29,1260.0,815,44575,312,44575
2026-02-02,Meta Ads,META_ADS_CMP_02,Tier 3 (Broad),6,10,259.72,630.0,644,123710,163,123710
2026-02-02,Netflix Ads,NETFLIX_ADS_CMP_01,Tier 1 (High intent),1,2,94.02,131.25,586,12765,290,12765
2026-02-02,Netflix Ads,NETFLIX_ADS_CMP_01,Tier 2 (Mid intent),3,5,282.06,183.75,579,37091,234,37091
2026-02-02,Netflix Ads,NETFLIX_ADS_CMP_01,Tier 3 (Broad),6,10,564.13,210.0,428,112239,148,112239
2026-02-02,Netflix Ads,NETFLIX_ADS_CMP_02,Tier 1 (High intent),1,2,100.06,168.75,4,91,2,91
2026-02-02,Netflix Ads,NETFLIX_ADS_CMP_02,Tier 2 (Mid intent),3,5,300.17,236.25,567,35594,248,35594
2026-02-02,Netflix Ads,NETFLIX_ADS_CMP_02,Tier 3 (Broad),6,10,600.34,270.0,473,102304,129,102304
2026-02-02,TikTok Ads,TIKTOK_ADS_CMP_01,Tier 1 (High intent),1,2,89.54,472.5,586,11985,401,11985
2026-02-02,TikTok Ads,TIKTOK_ADS_CMP_01,Tier 2 (Mid intent),3,5,208.93,551.25,731,39362,214,39362
2026-02-02,TikTok Ads,TIKTOK_ADS_CMP_01,Tier 3 (Broad),6,10,298.46,551.25,430,121101,62,121101
2026-02-02,TikTok Ads,TIKTOK_ADS_CMP_02,Tier 1 (High intent),1,2,63.62,382.5,547,10950,379,10950
2026-02-02,TikTok Ads,TIKTOK_ADS_CMP_02,Tier 2 (Mid intent),3,5,148.44,446.25,678,39812,183,39812
2026-02-02,TikTok Ads,TIKTOK_ADS_CMP_02,Tier 3 (Broad),6,10,212.06,446.25,428,114151,81,114151
2026-02-03,Google Ads,GOOGLE_ADS_CMP_01,Tier 1 (High intent),1,2,433.14,4305.0,808,13500,751,13500
2026-02-03,Google Ads,GOOGLE_ADS_CMP_01,Tier 2 (Mid intent),3,5,495.02,1353.0,868,41910,486,41910
2026-02-03,Google Ads,GOOGLE_ADS_CMP_01,Tier 3 (Broad),6,10,309.38,492.0,504,105233,170,105233
2026-02-03,Google Ads,GOOGLE_ADS_CMP_02,Tier 1 (High intent),1,2,583.87,8767.5,830,13883,825,13883
2026-02-03,Google Ads,GOOGLE_ADS_CMP_02,Tier 2 (Mid intent),3,5,667.28,2755.5,889,41308,470,41308
2026-02-03,Google Ads,GOOGLE_ADS_CMP_02,Tier 3 (Broad),6,10,417.05,1002.0,639,115989,177,115989
2026-02-03,Meta Ads,META_ADS_CMP_01,Tier 1 (High intent),1,2,411.74,2392.5,907,15993,747,15993
2026-02-03,Meta Ads,META_ADS_CMP_01,Tier 2 (Mid intent),3,5,548.99,1305.0,1057,49072,304,49072
2026-02-03,Meta Ads,META_ADS_CMP_01,Tier 3 (Broad),6,10,411.74,652.5,634,120877,143,120877
2026-02-03,Meta Ads,META_ADS_CMP_02,Tier 1 (High intent),1,2,316.96,2351.25,886,16284,732,16284
2026-02-03,Meta Ads,META_ADS_CMP_02,Tier 2 (Mid intent),3,5,422.61,1282.5,810,47583,299,47583
2026-02-03,Meta Ads,META_ADS_CMP_02,Tier 3 (Broad),6,10,316.96,641.25,605,125102,132,125102
2026-02-03,Netflix Ads,NETFLIX_ADS_CMP_01,Tier 1 (High intent),1,2,108.78,131.25,499,10885,232,10885
2026-02-03,Netflix Ads,NETFLIX_ADS_CMP_01,Tier 2 (Mid intent),3,5,326.34,183.75,688,37656,301,37656
2026-02-03,Netflix Ads,NETFLIX_ADS_CMP_01,Tier 3 (Broad),6,10,652.67,210.0,371,98800,119,98800
2026-02-03,Netflix Ads,NETFLIX_ADS_CMP_02,Tier 1 (High intent),1,2,116.07,93.75,2,82,0,82
2026-02-03,Netflix Ads,NETFLIX_ADS_CMP_02,Tier 2 (Mid intent),3,5,348.2,131.25,651,37740,265,37740
2026-02-03,Netflix Ads,NETFLIX_ADS_CMP_02,Tier 3 (Broad),6,10,696.4,150.0,381,96077,117,96077
2026-02-03,TikTok Ads,TIKTOK_ADS_CMP_01,Tier 1 (High intent),1,2,98.93,495.0,559,11686,394,11686
2026-02-03,TikTok Ads,TIKTOK_ADS_CMP_01,Tier 2 (Mid intent),3,5,230.84,577.5,836,43748,208,43748
2026-02-03,TikTok Ads,TIKTOK_ADS_CMP_01,Tier 3 (Broad),6,10,329.77,577.5,495,130886,78,130886
2026-02-03,TikTok Ads,TIKTOK_ADS_CMP_02,Tier 1 (High intent),1,2,89.91,967.5,585,11978,364,11978
2026-02-03,TikTok Ads,TIKTOK_ADS_CMP_02,Tier 2 (Mid intent),3,5,209.79,1128.75,697,39224,167,39224
2026-02-03,TikTok Ads,TIKTOK_ADS_CMP_02,Tier 3 (Broad),6,10,299.7,1128.75,532,127629,63,127629
2026-02-04,Google Ads,GOOGLE_ADS_CMP_01,Tier 1 (High intent),1,2,413.4,5145.0,717,13139,685,13139
2026-02-04,Google Ads,GOOGLE_ADS_CMP_01,Tier 2 (Mid intent),3,5,472.46,1617.0,904,44062,484,44062
2026-02-04,Google Ads,GOOGLE_ADS_CMP_01,Tier 3 (Broad),6,10,295.29,588.0,508,116781,167,116781
2026-02-04,Google Ads,GOOGLE_ADS_CMP_02,Tier 1 (High intent),1,2,387.41,4620.0,857,14453,803,14453
2026-02-04,Google Ads,GOOGLE_ADS_CMP_02,Tier 2 (Mid intent),3,5,442.75,1452.0,880,38893,425,38893
2026-02-04,Google Ads,GOOGLE_ADS_CMP_02,Tier 3 (Broad),6,10,276.72,528.0,549,115614,171,115614
2026-02-04,Meta Ads,META_ADS_CMP_01,Tier 1 (High intent),1,2,299.82,2186.25,769,14259,591,14259
2026-02-04,Meta Ads,META_ADS_CMP_01,Tier 2 (Mid intent),3,5,399.76,1192.5,906,44779,291,44779
2026-02-04,Meta Ads,META_ADS_CMP_01,Tier 3 (Broad),6,10,299.82,596.25,471,105631,97,105631
2026-02-04,Meta Ads,META_ADS_CMP_02,Tier 1 (High intent),1,2,368.17,2640.0,815,15206,648,15206
2026-02-04,Meta Ads,META_ADS_CMP_02,Tier 2 (Mid intent),3,5,490.89,1440.0,885,49012,286,49012
2026-02-04,Meta Ads,META_ADS_CMP_02,Tier 3 (Broad),6,10,368.17,720.0,572,113809,109,113809
2026-02-04,Netflix Ads,NETFLIX_ADS_CMP_01,Tier 1 (High intent),1,2,96.66,112.5,518,11467,275,11467
2026-02-04,Netflix Ads,NETFLIX_ADS_CMP_01,Tier 2 (Mid intent),3,5,289.98,157.5,542,35009,212,35009
2026-02-04,Netflix Ads,NETFLIX_ADS_CMP_01,Tier 3 (Broad),6,10,579.95,180.0,437,106637,108,106637
2026-02-04,Netflix Ads,NETFLIX_ADS_CMP_02,Tier 1 (High intent),1,2,74.21,93.75,3,98,6,98
2026-02-04,Netflix Ads,NETFLIX_ADS_CMP_02,Tier 2 (Mid intent),3,5,222.64,131.25,527,36378,210,36378
2026-02-04,Netflix Ads,NETFLIX_ADS_CMP_02,Tier 3 (Broad),6,10,445.27,150.0,432,101386,131,101386
2026-02-04,TikTok Ads,TIKTOK_ADS_CMP_01,Tier 1 (High intent),1,2,120.45,607.5,573,10969,323,10969
2026-02-04,TikTok Ads,TIKTOK_ADS_CMP_01,Tier 2 (Mid intent),3,5,281.05,708.75,752,37960,200,37960
2026-02-04,TikTok Ads,TIKTOK_ADS_CMP_01,Tier 3 (Broad),6,10,401.5,708.75,480,113261,58,113261
2026-02-04,TikTok Ads,TIKTOK_ADS_CMP_02,Tier 1 (High intent),1,2,105.12,585.0,593,11605,382,11605
2026-02-04,TikTok Ads,TIKTOK_ADS_CMP_02,Tier 2 (Mid intent),3,5,245.28,682.5,604,36803,136,36803
2026-02-04,TikTok Ads,TIKTOK_ADS_CMP_02,Tier 3 (Broad),6,10,350.4,682.5,457,109604,43,109604
2026-02-05,Google Ads,GOOGLE_ADS_CMP_01,Tier 1 (High intent),1,2,358.27,5932.5,1042,15338,1002,15338
2026-02-05,Google Ads,GOOGLE_ADS_CMP_01,Tier 2 (Mid intent),3,5,409.46,1864.5,766,41519,438,41519
2026-02-05,Google Ads,GOOGLE_ADS_CMP_01,Tier 3 (Broad),6,10,255.91,678.0,549,105168,153,105168
2026-02-05,Google Ads,GOOGLE_ADS_CMP_02,Tier 1 (High intent),1,2,486.82,8295.0,797,14011,821,14011
2026-02-05,Google Ads,GOOGLE_ADS_CMP_02,Tier 2 (Mid intent),3,5,556.36,2607.0,868,44806,441,44806
2026-02-05,Google Ads,GOOGLE_ADS_CMP_02,Tier 3 (Broad),6,10,347.73,948.0,616,114367,145,114367
2026-02-05,Meta Ads,META_ADS_CMP_01,Tier 1 (High intent),1,2,380.18,2475.0,836,15481,695,15481
2026-02-05,Meta Ads,META_ADS_CMP_01,Tier 2 (Mid intent),3,5,506.91,1350.0,815,43163,273,43163
2026-02-05,Meta Ads,META_ADS_CMP_01,Tier 3 (Broad),6,10,380.18,675.0,594,121971,90,121971
2026-02-05,Meta Ads,META_ADS_CMP_02,Tier 1 (High intent),1,2,275.28,2268.75,722,13708,560,13708
2026-02-05,Meta Ads,META_ADS_CMP_02,Tier 2 (Mid intent),3,5,367.04,1237.5,760,42325,253,42325
2026-02-05,Meta Ads,META_ADS_CMP_02,Tier 3 (Broad),6,10,275.28,618.75,560,110184,117,110184
2026-02-05,Netflix Ads,NETFLIX_ADS_CMP_01,Tier 1 (High intent),1,2,65.14,37.5,551,11253,240,11253
2026-02-05,Netflix Ads,NETFLIX_ADS_CMP_01,Tier 2 (Mid intent),3,5,195.42,52.5,636,37234,243,37234
2026-02-05,Netflix Ads,NETFLIX_ADS_CMP_01,Tier 3 (Broad),6,10,390.83,60.0,447,102776,108,102776
2026-02-05,Netflix Ads,NETFLIX_ADS_CMP_02,Tier 1 (High intent),1,2,91.14,37.5,2,86,1,86
2026-02-05,Netflix Ads,NETFLIX_ADS_CMP_02,Tier 2 (Mid intent),3,5,273.43,52.5,543,34857,259,34857
2026-02-05,Netflix Ads,NETFLIX_ADS_CMP_02,Tier 3 (Broad),6,10,546.86,60.0,439,105880,134,105880
2026-02-05,TikTok Ads,TIKTOK_ADS_CMP_01,Tier 1 (High intent),1,2,112.14,247.5,570,12153,357,12153
2026-02-05,TikTok Ads,TIKTOK_ADS_CMP_01,Tier 2 (Mid intent),3,5,261.65,288.75,704,39319,189,39319
2026-02-05,TikTok Ads,TIKTOK_ADS_CMP_01,Tier 3 (Broad),6,10,373.79,288.75,486,119247,96,119247
2026-02-05,TikTok Ads,TIKTOK_ADS_CMP_02,Tier 1 (High intent),1,2,134.34,1125.0,496,10872,327,10872
2026-02-05,TikTok Ads,TIKTOK_ADS_CMP_02,Tier 2 (Mid intent),3,5,313.47,1312.5,738,37484,179,37484
2026-02-05,TikTok Ads,TIKTOK_ADS_CMP_02,Tier 3 (Broad),6,10,447.81,1312.5,521,116932,111,116932
2026-02-06,Google Ads,GOOGLE_ADS_CMP_01,Tier 1 (High intent),1,2,546.8,6772.5,764,13410,772,13410
2026-02-06,Google Ads,GOOGLE_ADS_CMP_01,Tier 2 (Mid intent),3,5,624.92,2128.5,774,42113,501,42113
2026-02-06,Google Ads,GOOGLE_ADS_CMP_01,Tier 3 (Broad),6,10,390.57,774.0,671,115930,173,115930
2026-02-06,Google Ads,GOOGLE_ADS_CMP_02,Tier 1 (High intent),1,2,507.63,6982.5,780,13344,729,13344
2026-02-06,Google Ads,GOOGLE_ADS_CMP_02,Tier 2 (Mid intent),3,5,580.15,2194.5,834,40841,483,40841
2026-02-06,Google Ads,GOOGLE_ADS_CMP_02,Tier 3 (Broad),6,10,362.59,798.0,575,100917,169,100917
2026-02-06,Meta Ads,META_ADS_CMP_01,Tier 1 (High intent),1,2,351.92,1691.25,890,15247,713,15247
2026-02-06,Meta Ads,META_ADS_CMP_01,Tier 2 (Mid intent),3,5,469.23,922.5,901,46855,364,46855
2026-02-06,Meta Ads,META_ADS_CMP_01,Tier 3 (Broad),6,10,351.92,461.25,663,122599,69,122599
2026-02-06,Meta Ads,META_ADS_CMP_02,Tier 1 (High intent),1,2,378.99,3588.75,729,13698,595,13698
2026-02-06,Meta Ads,META_ADS_CMP_02,Tier 2 (Mid intent),3,5,505.32,1957.5,728,41624,265,41624
2026-02-06,Meta Ads,META_ADS_CMP_02,Tier 3 (Broad),6,10,378.99,978.75,538,114814,108,114814
2026-02-06,Netflix Ads,NETFLIX_ADS_CMP_01,Tier 1 (High intent),1,2,65.35,75.0,525,12134,249,12134
2026-02-06,Netflix Ads,NETFLIX_ADS_CMP_01,Tier 2 (Mid intent),3,5,196.04,105.0,635,36428,229,36428
2026-02-06,Netflix Ads,NETFLIX_ADS_CMP_01,Tier 3 (Broad),6,10,392.08,120.0,501,114714,158,114714
2026-02-06,Netflix Ads,NETFLIX_ADS_CMP_02,Tier 1 (High intent),1,2,102.53,37.5,4,83,2,83
2026-02-06,Netflix Ads,NETFLIX_ADS_CMP_02,Tier 2 (Mid intent),3,5,307.57,52.5,667,41404,317,41404
2026-02-06,Netflix Ads,NETFLIX_ADS_CMP_02,Tier 3 (Broad),6,10,615.15,60.0,385,94689,121,94689
2026-02-06,TikTok Ads,TIKTOK_ADS_CMP_01,Tier 1 (High intent),1,2,129.54,382.5,632,12000,365,12000
2026-02-06,TikTok Ads,TIKTOK_ADS_CMP_01,Tier 2 (Mid intent),3,5,302.26,446.25,738,36986,148,36986
2026-02-06,TikTok Ads,TIKTOK_ADS_CMP_01,Tier 3 (Broad),6,10,431.8,446.25,549,125248,48,125248
2026-02-06,TikTok Ads,TIKTOK_ADS_CMP_02,Tier 1 (High intent),1,2,129.53,922.5,580,11223,348,11223
2026-02-06,TikTok Ads,TIKTOK_ADS_CMP_02,Tier 2 (Mid intent),3,5,302.22,1076.25,791,41720,194,41720
2026-02-06,TikTok Ads,TIKTOK_ADS_CMP_02,Tier 3 (Broad),6,10,431.75,1076.25,467,111563,67,111563
2026-02-07,Google Ads,GOOGLE_ADS_CMP_01,Tier 1 (High intent),1,2,422.98,6037.5,808,14421,794,14421
2026-02-07,Google Ads,GOOGLE_ADS_CMP_01,Tier 2 (Mid intent),3,5,483.4,1897.5,916,43748,450,43748
2026-02-07,Google Ads,GOOGLE_ADS_CMP_01,Tier 3 (Broad),6,10,302.13,690.0,609,116797,140,116797
2026-02-07,Google Ads,GOOGLE_ADS_CMP_02,Tier 1 (High intent),1,2,632.08,8137.5,708,13230,682,13230
2026-02-07,Google Ads,GOOGLE_ADS_CMP_02,Tier 2 (Mid intent),3,5,722.37,2557.5,861,43031,484,43031
2026-02-07,Google Ads,GOOGLE_ADS_CMP_02,Tier 3 (Broad),6,10,451.48,930.0,582,107349,199,107349
2026-02-07,Meta Ads,META_ADS_CMP_01,Tier 1 (High intent),1,2,356.3,1650.0,887,14536,704,14536
2026-02-07,Meta Ads,META_ADS_CMP_01,Tier 2 (Mid intent),3,5,475.06,900.0,933,43972,293,43972
2026-02-07,Meta Ads,META_ADS_CMP_01,Tier 3 (Broad),6,10,356.3,450.0,527,106422,130,106422
2026-02-07,Meta Ads,META_ADS_CMP_02,Tier 1 (High intent),1,2,348.29,2970.0,734,14326,573,14326
2026-02-07,Meta Ads,META_ADS_CMP_02,Tier 2 (Mid intent),3,5,464.39,1620.0,814,44394,304,44394
2026-02-07,Meta Ads,META_ADS_CMP_02,Tier 3 (Broad),6,10,348.29,810.0,669,126326,141,126326
2026-02-07,Netflix Ads,NETFLIX_ADS_CMP_01,Tier 1 (High intent),1,2,70.49,18.75,488,11689,229,11689
2026-02-07,Netflix Ads,NETFLIX_ADS_CMP_01,Tier 2 (Mid intent),3,5,211.47,26.25,579,37571,260,37571
2026-02-07,Netflix Ads,NETFLIX_ADS_CMP_01,Tier 3 (Broad),6,10,422.94,30.0,410,102961,126,102961
2026-02-07,Netflix Ads,NETFLIX_ADS_CMP_02,Tier 1 (High intent),1,2,64.09,93.75,2,98,3,98
2026-02-07,Netflix Ads,NETFLIX_ADS_CMP_02,Tier 2 (Mid intent),3,5,192.27,131.25,741,39734,312,39734
2026-02-07,Netflix Ads,NETFLIX_ADS_CMP_02,Tier 3 (Broad),6,10,384.54,150.0,333,97765,61,97765
2026-02-07,TikTok Ads,TIKTOK_ADS_CMP_01,Tier 1 (High intent),1,2,73.01,450.0,519,11743,363,11743
2026-02-07,TikTok Ads,TIKTOK_ADS_CMP_01,Tier 2 (Mid intent),3,5,170.37,525.0,733,40046,216,40046
2026-02-07,TikTok Ads,TIKTOK_ADS_CMP_01,Tier 3 (Broad),6,10,243.38,525.0,538,130554,57,130554
2026-02-07,TikTok Ads,TIKTOK_ADS_CMP_02,Tier 1 (High intent),1,2,121.69,810.0,577,11055,358,11055
2026-02-07,TikTok Ads,TIKTOK_ADS_CMP_02,Tier 2 (Mid intent),3,5,283.93,945.0,749,41767,172,41767
2026-02-07,TikTok Ads,TIKTOK_ADS_CMP_02,Tier 3 (Broad),6,10,405.62,945.0,424,123651,79,123651
2026-02-08,Google Ads,GOOGLE_ADS_CMP_01,Tier 1 (High intent),1,2,623.27,7560.0,866,14100,734,14100
2026-02-08,Google Ads,GOOGLE_ADS_CMP_01,Tier 2 (Mid intent),3,5,712.3,2376.0,819,39768,438,39768
2026-02-08,Google Ads,GOOGLE_ADS_CMP_01,Tier 3 (Broad),6,10,445.19,864.0,491,107604,154,107604
2026-02-08,Google Ads,GOOGLE_ADS_CMP_02,Tier 1 (High intent),1,2,593.26,6877.5,753,13941,754,13941
2026-02-08,Google Ads,GOOGLE_ADS_CMP_02,Tier 2 (Mid intent),3,5,678.02,2161.5,852,40166,439,40166
2026-02-08,Google Ads,GOOGLE_ADS_CMP_02,Tier 3 (Broad),6,10,423.76,786.0,573,119335,205,119335
2026-02-08,Meta Ads,META_ADS_CMP_01,Tier 1 (High intent),1,2,305.48,1402.5,782,14072,605,14072
2026-02-08,Meta Ads,META_ADS_CMP_01,Tier 2 (Mid intent),3,5,407.31,765.0,927,46451,346,46451
2026-02-08,Meta Ads,META_ADS_CMP_01,Tier 3 (Broad),6,10,305.48,382.5,688,125716,105,125716
2026-02-08,Meta Ads,META_ADS_CMP_02,Tier 1 (High intent),1,2,285.37,2928.75,844,14072,663,14072
2026-02-08,Meta Ads,META_ADS_CMP_02,Tier 2 (Mid intent),3,5,380.49,1597.5,779,41431,297,41431
2026-02-08,Meta Ads,META_ADS_CMP_02,Tier 3 (Broad),6,10,285.37,798.75,608,123242,113,123242
2026-02-08,Netflix Ads,NETFLIX_ADS_CMP_01,Tier 1 (High intent),1,2,109.65,168.75,593,12860,277,12860
2026-02-08,Netflix Ads,NETFLIX_ADS_CMP_01,Tier 2 (Mid intent),3,5,328.96,236.25,572,37855,221,37855
2026-02-08,Netflix Ads,NETFLIX_ADS_CMP_01,Tier 3 (Broad),6,10,657.91,270.0,495,104229,136,104229
2026-02-08,Netflix Ads,NETFLIX_ADS_CMP_02,Tier 1 (High intent),1,2,88.88,93.75,1,81,1,81
2026-02-08,Netflix Ads,NETFLIX_ADS_CMP_02,Tier 2 (Mid intent),3,5,266.64,131.25,600,36656,269,36656
2026-02-08,Netflix Ads,NETFLIX_ADS_CMP_02,Tier 3 (Broad),6,10,533.29,150.0,453,112877,144,112877
2026-02-08,TikTok Ads,TIKTOK_ADS_CMP_01,Tier 1 (High intent),1,2,98.21,472.5,534,10947,345,10947
2026-02-08,TikTok Ads,TIKTOK_ADS_CMP_01,Tier 2 (Mid intent),3,5,229.15,551.25,673,40952,156,40952
2026-02-08,TikTok Ads,TIKTOK_ADS_CMP_01,Tier 3 (Broad),6,10,327.36,551.25,570,126051,65,126051
2026-02-08,TikTok Ads,TIKTOK_ADS_CMP_02,Tier 1 (High intent),1,2,91.96,360.0,590,11411,391,11411
2026-02-08,TikTok Ads,TIKTOK_ADS_CMP_02,Tier 2 (Mid intent),3,5,214.56,420.0,762,42204,188,42204
2026-02-08,TikTok Ads,TIKTOK_ADS_CMP_02,Tier 3 (Broad),6,10,306.52,420.0,452,119088,65,119088
2026-02-09,Google Ads,GOOGLE_ADS_CMP_01,Tier 1 (High intent),1,2,608.08,5775.0,659,13290,609,13290
2026-02-09,Google Ads,GOOGLE_ADS_CMP_01,Tier 2 (Mid intent),3,5,694.94,1815.0,791,40087,420,40087
2026-02-09,Google Ads,GOOGLE_ADS_CMP_01,Tier 3 (Broad),6,10,434.34,660.0,574,116180,202,116180
2026-02-09,Google Ads,GOOGLE_ADS_CMP_02,Tier 1 (High intent),1,2,624.76,8452.5,885,14105,861,14105
2026-02-09,Google Ads,GOOGLE_ADS_CMP_02,Tier 2 (Mid intent),3,5,714.01,2656.5,896,43358,458,43358
2026-02-09,Google Ads,GOOGLE_ADS_CMP_02,Tier 3 (Broad),6,10,446.25,966.0,587,114462,168,114462
2026-02-09,Meta Ads,META_ADS_CMP_01,Tier 1 (High intent),1,2,242.54,1526.25,942,16478,725,16478
2026-02-09,Meta Ads,META_ADS_CMP_01,Tier 2 (Mid intent),3,5,323.39,832.5,790,42268,271,42268
2026-02-09,Meta Ads,META_ADS_CMP_01,Tier 3 (Broad),6,10,242.54,416.25,610,116981,115,116981
2026-02-09,Meta Ads,META_ADS_CMP_02,Tier 1 (High intent),1,2,417.31,2475.0,808,14864,620,14864
2026-02-09,Meta Ads,META_ADS_CMP_02,Tier 2 (Mid intent),3,5,556.42,1350.0,773,41526,277,41526
2026-02-09,Meta Ads,META_ADS_CMP_02,Tier 3 (Broad),6,10,417.31,675.0,619,119010,151,119010
2026-02-09,Netflix Ads,NETFLIX_ADS_CMP_01,Tier 1 (High intent),1,2,69.01,112.5,591,13084,279,13084
2026-02-09,Netflix Ads,NETFLIX_ADS_CMP_01,Tier 2 (Mid intent),3,5,207.03,157.5,661,37312,226,37312
2026-02-09,Netflix Ads,NETFLIX_ADS_CMP_01,Tier 3 (Broad),6,10,414.06,180.0,463,114345,139,114345
2026-02-09,Netflix Ads,NETFLIX_ADS_CMP_02,Tier 1 (High intent),1,2,65.09,56.25,0,81,2,81
2026-02-09,Netflix Ads,NETFLIX_ADS_CMP_02,Tier 2 (Mid intent),3,5,195.26,78.75,524,34778,207,34778
2026-02-09,Netflix Ads,NETFLIX_ADS_CMP_02,Tier 3 (Broad),6,10,390.53,90.0,419,112292,127,112292
2026-02-09,TikTok Ads,TIKTOK_ADS_CMP_01,Tier 1 (High intent),1,2,79.1,540.0,586,11007,376,11007
2026-02-09,TikTok Ads,TIKTOK_ADS_CMP_01,Tier 2 (Mid intent),3,5,184.57,630.0,641,38737,168,38737
2026-02-09,TikTok Ads,TIKTOK_ADS_CMP_01,Tier 3 (Broad),6,10,263.67,630.0,528,131331,85,131331
2026-02-09,TikTok Ads,TIKTOK_ADS_CMP_02,Tier 1 (High intent),1,2,127.13,1170.0,597,12133,380,12133
2026-02-09,TikTok Ads,TIKTOK_ADS_CMP_02,Tier 2 (Mid intent),3,5,296.65,1365.0,809,43235,171,43235
2026-02-09,TikTok Ads,TIKTOK_ADS_CMP_02,Tier 3 (Broad),6,10,423.78,1365.0,491,131164,103,131164
2026-02-10,Google Ads,GOOGLE_ADS_CMP_01,Tier 1 (High intent),1,2,581.1,7245.0,909,14653,870,14653
2026-02-10,Google Ads,GOOGLE_ADS_CMP_01,Tier 2 (Mid intent),3,5,664.12,2277.0,740,42181,390,42181
2026-02-10,Google Ads,GOOGLE_ADS_CMP_01,Tier 3 (Broad),6,10,415.07,828.0,614,119729,208,119729
2026-02-10,Google Ads,GOOGLE_ADS_CMP_02,Tier 1 (High intent),1,2,688.75,8505.0,771,13600,727,13600
2026-02-10,Google Ads,GOOGLE_ADS_CMP_02,Tier 2 (Mid intent),3,5,787.14,2673.0,979,43174,483,43174
2026-02-10,Google Ads,GOOGLE_ADS_CMP_02,Tier 3 (Broad),6,10,491.96,972.0,614,120265,194,120265
2026-02-10,Meta Ads,META_ADS_CMP_01,Tier 1 (High intent),1,2,440.86,3423.75,798,15640,679,15640
2026-02-10,Meta Ads,META_ADS_CMP_01,Tier 2 (Mid intent),3,5,587.82,1867.5,794,42931,321,42931
2026-02-10,Meta Ads,META_ADS_CMP_01,Tier 3 (Broad),6,10,440.86,933.75,550,108826,74,108826
2026-02-10,Meta Ads,META_ADS_CMP_02,Tier 1 (High intent),1,2,402.68,2640.0,825,14581,629,14581
2026-02-10,Meta Ads,META_ADS_CMP_02,Tier 2 (Mid intent),3,5,536.9,1440.0,776,42907,283,42907
2026-02-10,Meta Ads,META_ADS_CMP_02,Tier 3 (Broad),6,10,402.68,720.0,673,120990,131,120990
2026-02-10,Netflix Ads,NETFLIX_ADS_CMP_01,Tier 1 (High intent),1,2,94.95,131.25,574,13000,261,13000
2026-02-10,Netflix Ads,NETFLIX_ADS_CMP_01,Tier 2 (Mid intent),3,5,284.83,183.75,670,40486,292,40486
2026-02-10,Netflix Ads,NETFLIX_ADS_CMP_01,Tier 3 (Broad),6,10,569.67,210.0,347,100720,101,100720
2026-02-10,Netflix Ads,NETFLIX_ADS_CMP_02,Tier 1 (High intent),1,2,80.3,18.75,5,96,3,96
2026-02-10,Netflix Ads,NETFLIX_ADS_CMP_02,Tier 2 (Mid intent),3,5,240.89,26.25,639,40889,285,40889
2026-02-10,Netflix Ads,NETFLIX_ADS_CMP_02,Tier 3 (Broad),6,10,481.78,30.0,435,113738,154,113738
2026-02-10,TikTok Ads,TIKTOK_ADS_CMP_01,Tier 1 (High intent),1,2,75.43,337.5,554,11150,363,11150
2026-02-10,TikTok Ads,TIKTOK_ADS_CMP_01,Tier 2 (Mid intent),3,5,175.99,393.75,694,38939,151,38939
2026-02-10,TikTok Ads,TIKTOK_ADS_CMP_01,Tier 3 (Broad),6,10,251.42,393.75,464,109534,69,109534
2026-02-10,TikTok Ads,TIKTOK_ADS_CMP_02,Tier 1 (High intent),1,2,99.77,630.0,619,12954,455,12954
2026-02-10,TikTok Ads,TIKTOK_ADS_CMP_02,Tier 2 (Mid intent),3,5,232.8,735.0,706,40054,171,40054
2026-02-10,TikTok Ads,TIKTOK_ADS_CMP_02,Tier 3 (Broad),6,10,332.57,735.0,447,114176,69,114176
2026-02-11,Google Ads,GOOGLE_ADS_CMP_01,Tier 1 (High intent),1,2,671.63,8032.5,840,14987,815,14987
2026-02-11,Google Ads,GOOGLE_ADS_CMP_01,Tier 2 (Mid intent),3,5,767.57,2524.5,869,43625,487,43625
2026-02-11,Google Ads,GOOGLE_ADS_CMP_01,Tier 3 (Broad),6,10,479.73,918.0,587,116538,197,116538
2026-02-11,Google Ads,GOOGLE_ADS_CMP_02,Tier 1 (High intent),1,2,604.97,8872.5,870,14891,862,14891
2026-02-11,Google Ads,GOOGLE_ADS_CMP_02,Tier 2 (Mid intent),3,5,691.4,2788.5,698,38919,359,38919
2026-02-11,Google Ads,GOOGLE_ADS_CMP_02,Tier 3 (Broad),6,10,432.12,1014.0,527,105885,182,105885
2026-02-11,Meta Ads,META_ADS_CMP_01,Tier 1 (High intent),1,2,438.05,2722.5,931,16012,732,16012
2026-02-11,Meta Ads,META_ADS_CMP_01,Tier 2 (Mid intent),3,5,584.06,1485.0,967,48165,281,48165
2026-02-11,Meta Ads,META_ADS_CMP_01,Tier 3 (Broad),6,10,438.05,742.5,595,118983,144,118983
2026-02-11,Meta Ads,META_ADS_CMP_02,Tier 1 (High intent),1,2,375.62,2763.75,735,13761,568,13761
2026-02-11,Meta Ads,META_ADS_CMP_02,Tier 2 (Mid intent),3,5,500.83,1507.5,806,41543,302,41543
2026-02-11,Meta Ads,META_ADS_CMP_02,Tier 3 (Broad),6,10,375.62,753.75,572,112026,105,112026
2026-02-11,Netflix Ads,NETFLIX_ADS_CMP_01,Tier 1 (High intent),1,2,95.42,37.5,574,11631,266,11631
2026-02-11,Netflix Ads,NETFLIX_ADS_CMP_01,Tier 2 (Mid intent),3,5,286.26,52.5,502,35014,199,35014
2026-02-11,Netflix Ads,NETFLIX_ADS_CMP_01,Tier 3 (Broad),6,10,572.53,60.0,397,105529,121,105529
2026-02-11,Netflix Ads,NETFLIX_ADS_CMP_02,Tier 1 (High intent),1,2,112.4,187.5,5,83,2,83
2026-02-11,Netflix Ads,NETFLIX_ADS_CMP_02,Tier 2 (Mid intent),3,5,337.2,262.5,605,38578,261,38578
2026-02-11,Netflix Ads,NETFLIX_ADS_CMP_02,Tier 3 (Broad),6,10,674.39,300.0,378,99040,110,99040
2026-02-11,TikTok Ads,TIKTOK_ADS_CMP_01,Tier 1 (High intent),1,2,133.85,720.0,554,11917,331,11917
2026-02-11,TikTok Ads,TIKTOK_ADS_CMP_01,Tier 2 (Mid intent),3,5,312.32,840.0,810,39880,212,39880
2026-02-11,TikTok Ads,TIKTOK_ADS_CMP_01,Tier 3 (Broad),6,10,446.17,840.0,452,126082,63,126082
2026-02-11,TikTok Ads,TIKTOK_ADS_CMP_02,Tier 1 (High intent),1,2,76.01,540.0,611,13172,460,13172
2026-02-11,TikTok Ads,TIKTOK_ADS_CMP_02,Tier 2 (Mid intent),3,5,177.37,630.0,590,37140,168,37140
2026-02-11,TikTok Ads,TIKTOK_ADS_CMP_02,Tier 3 (Broad),6,10,253.38,630.0,547,131879,97,131879
2026-02-12,Google Ads,GOOGLE_ADS_CMP_01,Tier 1 (High intent),1,2,565.6,5985.0,956,14766,809,14766
2026-02-12,Google Ads,GOOGLE_ADS_CMP_01,Tier 2 (Mid intent),3,5,646.4,1881.0,847,43711,454,43711
2026-02-12,Google Ads,GOOGLE_ADS_CMP_01,Tier 3 (Broad),6,10,404.0,684.0,622,118824,168,118824
2026-02-12,Google Ads,GOOGLE_ADS_CMP_02,Tier 1 (High intent),1,2,351.83,4620.0,856,13383,800,13383
2026-02-12,Google Ads,GOOGLE_ADS_CMP_02,Tier 2 (Mid intent),3,5,402.09,1452.0,850,42864,454,42864
2026-02-12,Google Ads,GOOGLE_ADS_CMP_02,Tier 3 (Broad),6,10,251.31,528.0,506,102754,134,102754
2026-02-12,Meta Ads,META_ADS_CMP_01,Tier 1 (High intent),1,2,241.96,1691.25,915,16459,733,16459
2026-02-12,Meta Ads,META_ADS_CMP_01,Tier 2 (Mid intent),3,5,322.61,922.5,806,42730,286,42730
2026-02-12,Meta Ads,META_ADS_CMP_01,Tier 3 (Broad),6,10,241.96,461.25,580,121645,131,121645
2026-02-12,Meta Ads,META_ADS_CMP_02,Tier 1 (High intent),1,2,324.31,2392.5,809,16099,667,16099
2026-02-12,Meta Ads,META_ADS_CMP_02,Tier 2 (Mid intent),3,5,432.42,1305.0,935,43098,340,43098
2026-02-12,Meta Ads,META_ADS_CMP_02,Tier 3 (Broad),6,10,324.31,652.5,541,105020,94,105020
2026-02-12,Netflix Ads,NETFLIX_ADS_CMP_01,Tier 1 (High intent),1,2,83.49,93.75,558,12449,289,12449
2026-02-12,Netflix Ads,NETFLIX_ADS_CMP_01,Tier 2 (Mid intent),3,5,250.48,131.25,570,34838,268,34838
2026-02-12,Netflix Ads,NETFLIX_ADS_CMP_01,Tier 3 (Broad),6,10,500.95,150.0,400,110216,123,110216
2026-02-12,Netflix Ads,NETFLIX_ADS_CMP_02,Tier 1 (High intent),1,2,81.33,131.25,3,85,4,85
2026-02-12,Netflix Ads,NETFLIX_ADS_CMP_02,Tier 2 (Mid intent),3,5,243.99,183.75,574,37088,235,37088
2026-02-12,Netflix Ads,NETFLIX_ADS_CMP_02,Tier 3 (Broad),6,10,487.98,210.0,342,95462,136,95462
2026-02-12,TikTok Ads,TIKTOK_ADS_CMP_01,Tier 1 (High intent),1,2,84.52,337.5,563,11367,365,11367
2026-02-12,TikTok Ads,TIKTOK_ADS_CMP_01,Tier 2 (Mid intent),3,5,197.21,393.75,580,36629,130,36629
2026-02-12,TikTok Ads,TIKTOK_ADS_CMP_01,Tier 3 (Broad),6,10,281.74,393.75,411,111275,91,111275
2026-02-12,TikTok Ads,TIKTOK_ADS_CMP_02,Tier 1 (High intent),1,2,87.62,630.0,664,12784,443,12784
2026-02-12,TikTok Ads,TIKTOK_ADS_CMP_02,Tier 2 (Mid intent),3,5,204.45,735.0,622,36109,107,36109
2026-02-12,TikTok Ads,TIKTOK_ADS_CMP_02,Tier 3 (Broad),6,10,292.07,735.0,448,109039,58,109039
2026-02-13,Google Ads,GOOGLE_ADS_CMP_01,Tier 1 (High intent),1,2,370.49,4725.0,770,13225,748,13225
2026-02-13,Google Ads,GOOGLE_ADS_CMP_01,Tier 2 (Mid intent),3,5,423.42,1485.0,930,46042,470,46042
2026-02-13,Google Ads,GOOGLE_ADS_CMP_01,Tier 3 (Broad),6,10,264.64,540.0,514,101864,143,101864
2026-02-13,Google Ads,GOOGLE_ADS_CMP_02,Tier 1 (High intent),1,2,531.04,5827.5,1005,15118,923,15118
2026-02-13,Google Ads,GOOGLE_ADS_CMP_02,Tier 2 (Mid intent),3,5,606.91,1831.5,825,40140,452,40140
2026-02-13,Google Ads,GOOGLE_ADS_CMP_02,Tier 3 (Broad),6,10,379.32,666.0,577,112115,151,112115
2026-02-13,Meta Ads,META_ADS_CMP_01,Tier 1 (High intent),1,2,361.8,4290.0,874,16197,700,16197
2026-02-13,Meta Ads,META_ADS_CMP_01,Tier 2 (Mid intent),3,5,482.4,2340.0,919,48336,350,48336
2026-02-13,Meta Ads,META_ADS_CMP_01,Tier 3 (Broad),6,10,361.8,1170.0,540,108590,102,108590
2026-02-13,Meta Ads,META_ADS_CMP_02,Tier 1 (High intent),1,2,409.05,2928.75,768,14024,638,14024
2026-02-13,Meta Ads,META_ADS_CMP_02,Tier 2 (Mid intent),3,5,545.4,1597.5,951,48533,351,48533
2026-02-13,Meta Ads,META_ADS_CMP_02,Tier 3 (Broad),6,10,409.05,798.75,589,121841,133,121841
2026-02-13,Netflix Ads,NETFLIX_ADS_CMP_01,Tier 1 (High intent),1,2,67.1,93.75,626,12915,282,12915
2026-02-13,Netflix Ads,NETFLIX_ADS_CMP_01,Tier 2 (Mid intent),3,5,201.3,131.25,627,39476,214,39476
2026-02-13,Netflix Ads,NETFLIX_ADS_CMP_01,Tier 3 (Broad),6,10,402.6,150.0,427,101594,138,101594
2026-02-13,Netflix Ads,NETFLIX_ADS_CMP_02,Tier 1 (High intent),1,2,95.27,75.0,7,86,2,86
2026-02-13,Netflix Ads,NETFLIX_ADS_CMP_02,Tier 2 (Mid intent),3,5,285.8,105.0,737,41205,293,41205
2026-02-13,Netflix Ads,NETFLIX_ADS_CMP_02,Tier 3 (Broad),6,10,571.6,120.0,422,103481,106,103481
2026-02-13,TikTok Ads,TIKTOK_ADS_CMP_01,Tier 1 (High intent),1,2,66.64,270.0,547,11703,346,11703
2026-02-13,TikTok Ads,TIKTOK_ADS_CMP_01,Tier 2 (Mid intent),3,5,155.5,315.0,745,40754,158,40754
2026-02-13,TikTok Ads,TIKTOK_ADS_CMP_01,Tier 3 (Broad),6,10,222.15,315.0,409,114297,77,114297
2026-02-13,TikTok Ads,TIKTOK_ADS_CMP_02,Tier 1 (High intent),1,2,129.98,832.5,645,12508,413,12508
2026-02-13,TikTok Ads,TIKTOK_ADS_CMP_02,Tier 2 (Mid intent),3,5,303.3,971.25,811,41640,173,41640
2026-02-13,TikTok Ads,TIKTOK_ADS_CMP_02,Tier 3 (Broad),6,10,433.28,971.25,467,113095,43,113095
2026-02-14,Google Ads,GOOGLE_ADS_CMP_01,Tier 1 (High intent),1,2,415.13,5985.0,877,15312,852,15312
2026-02-14,Google Ads,GOOGLE_ADS_CMP_01,Tier 2 (Mid intent),3,5,474.44,1881.0,757,40022,414,40022
2026-02-14,Google Ads,GOOGLE_ADS_CMP_01,Tier 3 (Broad),6,10,296.52,684.0,569,112878,190,112878
2026-02-14,Google Ads,GOOGLE_ADS_CMP_02,Tier 1 (High intent),1,2,378.21,5722.5,881,14307,811,14307
2026-02-14,Google Ads,GOOGLE_ADS_CMP_02,Tier 2 (Mid intent),3,5,432.24,1798.5,919,45028,491,45028
2026-02-14,Google Ads,GOOGLE_ADS_CMP_02,Tier 3 (Broad),6,10,270.15,654.0,587,113465,154,113465
2026-02-14,Meta Ads,META_ADS_CMP_01,Tier 1 (High intent),1,2,245.08,1856.25,790,15518,628,15518
2026-02-14,Meta Ads,META_ADS_CMP_01,Tier 2 (Mid intent),3,5,326.77,1012.5,851,42164,256,42164
2026-02-14,Meta Ads,META_ADS_CMP_01,Tier 3 (Broad),6,10,245.08,506.25,611,125769,93,125769
2026-02-14,Meta Ads,META_ADS_CMP_02,Tier 1 (High intent),1,2,437.54,2268.75,788,13652,628,13652
2026-02-14,Meta Ads,META_ADS_CMP_02,Tier 2 (Mid intent),3,5,583.39,1237.5,797,46283,382,46283
2026-02-14,Meta Ads,META_ADS_CMP_02,Tier 3 (Broad),6,10,437.54,618.75,526,108504,125,108504
2026-02-14,Netflix Ads,NETFLIX_ADS_CMP_01,Tier 1 (High intent),1,2,114.38,75.0,453,11441,244,11441
2026-02-14,Netflix Ads,NETFLIX_ADS_CMP_01,Tier 2 (Mid intent),3,5,343.12,105.0,635,41113,303,41113
2026-02-14,Netflix Ads,NETFLIX_ADS_CMP_01,Tier 3 (Broad),6,10,686.25,120.0,441,107025,129,107025
2026-02-14,Netflix Ads,NETFLIX_ADS_CMP_02,Tier 1 (High intent),1,2,106.6,93.75,9,89,3,89
2026-02-14,Netflix Ads,NETFLIX_ADS_CMP_02,Tier 2 (Mid intent),3,5,319.81,131.25,564,36128,249,36128
2026-02-14,Netflix Ads,NETFLIX_ADS_CMP_02,Tier 3 (Broad),6,10,639.62,150.0,409,101684,131,101684
2026-02-14,TikTok Ads,TIKTOK_ADS_CMP_01,Tier 1 (High intent),1,2,117.41,472.5,599,11523,407,11523
2026-02-14,TikTok Ads,TIKTOK_ADS_CMP_01,Tier 2 (Mid intent),3,5,273.97,551.25,820,41683,195,41683
2026-02-14,TikTok Ads,TIKTOK_ADS_CMP_01,Tier 3 (Broad),6,10,391.38,551.25,513,125795,82,125795
2026-02-14,TikTok Ads,TIKTOK_ADS_CMP_02,Tier 1 (High intent),1,2,109.27,540.0,671,12732,461,12732
2026-02-14,TikTok Ads,TIKTOK_ADS_CMP_02,Tier 2 (Mid intent),3,5,254.97,630.0,818,43199,183,43199
2026-02-14,TikTok Ads,TIKTOK_ADS_CMP_02,Tier 3 (Broad),6,10,364.24,630.0,397,109387,71,109387
2026-02-15,Google Ads,GOOGLE_ADS_CMP_01,Tier 1 (High intent),1,2,496.58,6142.5,799,13752,735,13752
2026-02-15,Google Ads,GOOGLE_ADS_CMP_01,Tier 2 (Mid intent),3,5,567.52,1930.5,747,39157,390,39157
2026-02-15,Google Ads,GOOGLE_ADS_CMP_01,Tier 3 (Broad),6,10,354.7,702.0,496,100624,131,100624
2026-02-15,Google Ads,GOOGLE_ADS_CMP_02,Tier 1 (High intent),1,2,578.96,6142.5,896,15021,900,15021
2026-02-15,Google Ads,GOOGLE_ADS_CMP_02,Tier 2 (Mid intent),3,5,661.67,1930.5,764,40606,434,40606
2026-02-15,Google Ads,GOOGLE_ADS_CMP_02,Tier 3 (Broad),6,10,413.54,702.0,497,109773,123,109773
2026-02-15,Meta Ads,META_ADS_CMP_01,Tier 1 (High intent),1,2,430.35,2516.25,875,14686,653,14686
2026-02-15,Meta Ads,META_ADS_CMP_01,Tier 2 (Mid intent),3,5,573.8,1372.5,858,44844,320,44844
2026-02-15,Meta Ads,META_ADS_CMP_01,Tier 3 (Broad),6,10,430.35,686.25,482,104013,87,104013
2026-02-15,Meta Ads,META_ADS_CMP_02,Tier 1 (High intent),1,2,428.96,3506.25,865,15837,681,15837
2026-02-15,Meta Ads,META_ADS_CMP_02,Tier 2 (Mid intent),3,5,571.95,1912.5,868,44068,283,44068
2026-02-15,Meta Ads,META_ADS_CMP_02,Tier 3 (Broad),6,10,428.96,956.25,491,113757,132,113757
2026-02-15,Netflix Ads,NETFLIX_ADS_CMP_01,Tier 1 (High intent),1,2,111.61,112.5,571,12386,276,12386
2026-02-15,Netflix Ads,NETFLIX_ADS_CMP_01,Tier 2 (Mid intent),3,5,334.82,157.5,646,34922,224,34922
2026-02-15,Netflix Ads,NETFLIX_ADS_CMP_01,Tier 3 (Broad),6,10,669.65,180.0,419,105390,136,105390
2026-02-15,Netflix Ads,NETFLIX_ADS_CMP_02,Tier 1 (High intent),1,2,64.9,0.0,9,93,4,93
2026-02-15,Netflix Ads,NETFLIX_ADS_CMP_02,Tier 2 (Mid intent),3,5,194.71,0.0,517,34996,204,34996
2026-02-15,Netflix Ads,NETFLIX_ADS_CMP_02,Tier 3 (Broad),6,10,389.42,0.0,375,102905,113,102905
2026-02-15,TikTok Ads,TIKTOK_ADS_CMP_01,Tier 1 (High intent),1,2,105.64,450.0,600,12725,408,12725
2026-02-15,TikTok Ads,TIKTOK_ADS_CMP_01,Tier 2 (Mid intent),3,5,246.49,525.0,708,40983,172,40983
2026-02-15,TikTok Ads,TIKTOK_ADS_CMP_01,Tier 3 (Broad),6,10,352.13,525.0,473,115385,68,115385
2026-02-15,TikTok Ads,TIKTOK_ADS_CMP_02,Tier 1 (High intent),1,2,78.82,607.5,582,12470,369,12470
2026-02-15,TikTok Ads,TIKTOK_ADS_CMP_02,Tier 2 (Mid intent),3,5,183.92,708.75,751,40046,162,40046
2026-02-15,TikTok Ads,TIKTOK_ADS_CMP_02,Tier 3 (Broad),6,10,262.74,708.75,482,131892,53,131892
2026-02-16,Google Ads,GOOGLE_ADS_CMP_01,Tier 1 (High intent),1,2,368.19,4620.0,864,14479,816,14479
2026-02-16,Google Ads,GOOGLE_ADS_CMP_01,Tier 2 (Mid intent),3,5,420.78,1452.0,726,38532,423,38532
2026-02-16,Google Ads,GOOGLE_ADS_CMP_01,Tier 3 (Broad),6,10,262.99,528.0,621,118842,211,118842
2026-02-16,Google Ads,GOOGLE_ADS_CMP_02,Tier 1 (High intent),1,2,465.58,6930.0,735,13268,688,13268
2026-02-16,Google Ads,GOOGLE_ADS_CMP_02,Tier 2 (Mid intent),3,5,532.09,2178.0,817,38148,450,38148
2026-02-16,Google Ads,GOOGLE_ADS_CMP_02,Tier 3 (Broad),6,10,332.56,792.0,503,99350,124,99350
2026-02-16,Meta Ads,META_ADS_CMP_01,Tier 1 (High intent),1,2,418.49,3795.0,923,15533,711,15533
2026-02-16,Meta Ads,META_ADS_CMP_01,Tier 2 (Mid intent),3,5,557.99,2070.0,930,44792,320,44792
2026-02-16,Meta Ads,META_ADS_CMP_01,Tier 3 (Broad),6,10,418.49,1035.0,632,123395,133,123395
2026-02-16,Meta Ads,META_ADS_CMP_02,Tier 1 (High intent),1,2,354.54,2310.0,888,16161,656,16161
2026-02-16,Meta Ads,META_ADS_CMP_02,Tier 2 (Mid intent),3,5,472.72,1260.0,799,40858,241,40858
2026-02-16,Meta Ads,META_ADS_CMP_02,Tier 3 (Broad),6,10,354.54,630.0,686,120154,111,120154
2026-02-16,Netflix Ads,NETFLIX_ADS_CMP_01,Tier 1 (High intent),1,2,66.33,112.5,531,11859,286,11859
2026-02-16,Netflix Ads,NETFLIX_ADS_CMP_01,Tier 2 (Mid intent),3,5,198.98,157.5,665,41442,295,41442
2026-02-16,Netflix Ads,NETFLIX_ADS_CMP_01,Tier 3 (Broad),6,10,397.97,180.0,351,102435,107,102435
2026-02-16,Netflix Ads,NETFLIX_ADS_CMP_02,Tier 1 (High intent),1,2,117.87,75.0,4,98,2,98
2026-02-16,Netflix Ads,NETFLIX_ADS_CMP_02,Tier 2 (Mid intent),3,5,353.61,105.0,576,37776,227,37776
2026-02-16,Netflix Ads,NETFLIX_ADS_CMP_02,Tier 3 (Broad),6,10,707.21,120.0,443,103895,137,103895
2026-02-16,TikTok Ads,TIKTOK_ADS_CMP_01,Tier 1 (High intent),1,2,125.97,720.0,579,12807,384,12807
2026-02-16,TikTok Ads,TIKTOK_ADS_CMP_01,Tier 2 (Mid intent),3,5,293.93,840.0,786,43920,207,43920
2026-02-16,TikTok Ads,TIKTOK_ADS_CMP_01,Tier 3 (Broad),6,10,419.89,840.0,452,122273,45,122273
2026-02-16,TikTok Ads,TIKTOK_ADS_CMP_02,Tier 1 (High intent),1,2,117.9,765.0,643,12127,360,12127
2026-02-16,TikTok Ads,TIKTOK_ADS_CMP_02,Tier 2 (Mid intent),3,5,275.1,892.5,775,41041,234,41041
2026-02-16,TikTok Ads,TIKTOK_ADS_CMP_02,Tier 3 (Broad),6,10,393.0,892.5,563,129673,86,129673
2026-02-17,Google Ads,GOOGLE_ADS_CMP_01,Tier 1 (High intent),1,2,650.01,8767.5,908,14720,825,14720
2026-02-17,Google Ads,GOOGLE_ADS_CMP_01,Tier 2 (Mid intent),3,5,742.87,2755.5,865,40402,437,40402
2026-02-17,Google Ads,GOOGLE_ADS_CMP_01,Tier 3 (Broad),6,10,464.3,1002.0,540,118620,188,118620
2026-02-17,Google Ads,GOOGLE_ADS_CMP_02,Tier 1 (High intent),1,2,420.71,5092.5,901,14117,788,14117
2026-02-17,Google Ads,GOOGLE_ADS_CMP_02,Tier 2 (Mid intent),3,5,480.81,1600.5,763,40840,394,40840
2026-02-17,Google Ads,GOOGLE_ADS_CMP_02,Tier 3 (Broad),6,10,300.5,582.0,570,105154,161,105154
2026-02-17,Meta Ads,META_ADS_CMP_01,Tier 1 (High intent),1,2,361.3,3258.75,903,16244,761,16244
2026-02-17,Meta Ads,META_ADS_CMP_01,Tier 2 (Mid intent),3,5,481.73,1777.5,722,40831,288,40831
2026-02-17,Meta Ads,META_ADS_CMP_01,Tier 3 (Broad),6,10,361.3,888.75,694,123658,139,123658
2026-02-17,Meta Ads,META_ADS_CMP_02,Tier 1 (High intent),1,2,351.94,2351.25,754,14231,623,14231
2026-02-17,Meta Ads,META_ADS_CMP_02,Tier 2 (Mid intent),3,5,469.25,1282.5,931,48481,313,48481
2026-02-17,Meta Ads,META_ADS_CMP_02,Tier 3 (Broad),6,10,351.94,641.25,546,108492,137,108492
2026-02-17,Netflix Ads,NETFLIX_ADS_CMP_01,Tier 1 (High intent),1,2,69.73,75.0,527,11811,262,11811
2026-02-17,Netflix Ads,NETFLIX_ADS_CMP_01,Tier 2 (Mid intent),3,5,209.2,105.0,580,35612,195,35612
2026-02-17,Netflix Ads,NETFLIX_ADS_CMP_01,Tier 3 (Broad),6,10,418.4,120.0,405,102969,99,102969
2026-02-17,Netflix Ads,NETFLIX_ADS_CMP_02,Tier 1 (High intent),1,2,113.42,112.5,6,85,3,85
2026-02-17,Netflix Ads,NETFLIX_ADS_CMP_02,Tier 2 (Mid intent),3,5,340.25,157.5,700,40317,293,40317
2026-02-17,Netflix Ads,NETFLIX_ADS_CMP_02,Tier 3 (Broad),6,10,680.49,180.0,366,97964,132,97964
2026-02-17,TikTok Ads,TIKTOK_ADS_CMP_01,Tier 1 (High intent),1,2,66.26,405.0,685,12927,420,12927
2026-02-17,TikTok Ads,TIKTOK_ADS_CMP_01,Tier 2 (Mid intent),3,5,154.61,472.5,715,38876,160,38876
2026-02-17,TikTok Ads,TIKTOK_ADS_CMP_01,Tier 3 (Broad),6,10,220.87,472.5,449,126274,68,126274
2026-02-17,TikTok Ads,TIKTOK_ADS_CMP_02,Tier 1 (High intent),1,2,91.33,450.0,533,12024,366,12024
2026-02-17,TikTok Ads,TIKTOK_ADS_CMP_02,Tier 2 (Mid intent),3,5,213.11,525.0,772,39816,191,39816
2026-02-17,TikTok Ads,TIKTOK_ADS_CMP_02,Tier 3 (Broad),6,10,304.44,525.0,535,112279,92,112279
2026-02-18,Google Ads,GOOGLE_ADS_CMP_01,Tier 1 (High intent),1,2,467.32,5565.0,823,13674,815,13674
2026-02-18,Google Ads,GOOGLE_ADS_CMP_01,Tier 2 (Mid intent),3,5,534.08,1749.0,823,37846,430,37846
2026-02-18,Google Ads,GOOGLE_ADS_CMP_01,Tier 3 (Broad),6,10,333.8,636.0,685,119200,183,119200
2026-02-18,Google Ads,GOOGLE_ADS_CMP_02,Tier 1 (High intent),1,2,433.95,4620.0,782,12616,749,12616
2026-02-18,Google Ads,GOOGLE_ADS_CMP_02,Tier 2 (Mid intent),3,5,495.95,1452.0,935,44697,524,44697
2026-02-18,Google Ads,GOOGLE_ADS_CMP_02,Tier 3 (Broad),6,10,309.97,528.0,564,109774,167,109774
2026-02-18,Meta Ads,META_ADS_CMP_01,Tier 1 (High intent),1,2,412.0,3877.5,788,13791,617,13791
2026-02-18,Meta Ads,META_ADS_CMP_01,Tier 2 (Mid intent),3,5,549.34,2115.0,834,44288,283,44288
2026-02-18,Meta Ads,META_ADS_CMP_01,Tier 3 (Broad),6,10,412.0,1057.5,494,107322,83,107322
2026-02-18,Meta Ads,META_ADS_CMP_02,Tier 1 (High intent),1,2,412.55,1897.5,980,16337,783,16337
2026-02-18,Meta Ads,META_ADS_CMP_02,Tier 2 (Mid intent),3,5,550.06,1035.0,768,43671,286,43671
2026-02-18,Meta Ads,META_ADS_CMP_02,Tier 3 (Broad),6,10,412.55,517.5,667,120882,147,120882
2026-02-18,Netflix Ads,NETFLIX_ADS_CMP_01,Tier 1 (High intent),1,2,101.18,112.5,607,12580,317,12580
2026-02-18,Netflix Ads,NETFLIX_ADS_CMP_01,Tier 2 (Mid intent),3,5,303.54,157.5,654,39437,280,39437
2026-02-18,Netflix Ads,NETFLIX_ADS_CMP_01,Tier 3 (Broad),6,10,607.08,180.0,476,112366,129,112366
2026-02-18,Netflix Ads,NETFLIX_ADS_CMP_02,Tier 1 (High intent),1,2,98.57,168.75,4,92,3,92
2026-02-18,Netflix Ads,NETFLIX_ADS_CMP_02,Tier 2 (Mid intent),3,5,295.72,236.25,687,40945,244,40945
2026-02-18,Netflix Ads,NETFLIX_ADS_CMP_02,Tier 3 (Broad),6,10,591.44,270.0,412,105090,134,105090
2026-02-18,TikTok Ads,TIKTOK_ADS_CMP_01,Tier 1 (High intent),1,2,108.84,585.0,583,11149,407,11149
2026-02-18,TikTok Ads,TIKTOK_ADS_CMP_01,Tier 2 (Mid intent),3,5,253.95,682.5,630,36992,137,36992
2026-02-18,TikTok Ads,TIKTOK_ADS_CMP_01,Tier 3 (Broad),6,10,362.79,682.5,498,129112,53,129112
2026-02-18,TikTok Ads,TIKTOK_ADS_CMP_02,Tier 1 (High intent),1,2,133.43,675.0,630,12452,432,12452
2026-02-18,TikTok Ads,TIKTOK_ADS_CMP_02,Tier 2 (Mid intent),3,5,311.34,787.5,849,43273,132,43273
2026-02-18,TikTok Ads,TIKTOK_ADS_CMP_02,Tier 3 (Broad),6,10,444.77,787.5,453,114538,71,114538
2026-02-19,Google Ads,GOOGLE_ADS_CMP_01,Tier 1 (High intent),1,2,584.76,6877.5,936,15156,857,15156
2026-02-19,Google Ads,GOOGLE_ADS_CMP_01,Tier 2 (Mid intent),3,5,668.29,2161.5,859,45325,510,45325
2026-02-19,Google Ads,GOOGLE_ADS_CMP_01,Tier 3 (Broad),6,10,417.68,786.0,507,106761,161,106761
2026-02-19,Google Ads,GOOGLE_ADS_CMP_02,Tier 1 (High intent),1,2,652.6,7770.0,764,12984,695,12984
2026-02-19,Google Ads,GOOGLE_ADS_CMP_02,Tier 2 (Mid intent),3,5,745.82,2442.0,924,44275,514,44275
2026-02-19,Google Ads,GOOGLE_ADS_CMP_02,Tier 3 (Broad),6,10,466.14,888.0,491,103381,142,103381
2026-02-19,Meta Ads,META_ADS_CMP_01,Tier 1 (High intent),1,2,246.97,1608.75,821,16099,588,16099
2026-02-19,Meta Ads,META_ADS_CMP_01,Tier 2 (Mid intent),3,5,329.29,877.5,782,41413,263,41413
2026-02-19,Meta Ads,META_ADS_CMP_01,Tier 3 (Broad),6,10,246.97,438.75,574,124487,81,124487
2026-02-19,Meta Ads,META_ADS_CMP_02,Tier 1 (High intent),1,2,400.88,3630.0,731,14401,582,14401
2026-02-19,Meta Ads,META_ADS_CMP_02,Tier 2 (Mid intent),3,5,534.5,1980.0,807,40737,242,40737
2026-02-19,Meta Ads,META_ADS_CMP_02,Tier 3 (Broad),6,10,400.88,990.0,567,111038,121,111038
2026-02-19,Netflix Ads,NETFLIX_ADS_CMP_01,Tier 1 (High intent),1,2,103.6,112.5,605,12686,256,12686
2026-02-19,Netflix Ads,NETFLIX_ADS_CMP_01,Tier 2 (Mid intent),3,5,310.8,157.5,608,36656,247,36656
2026-02-19,Netflix Ads,NETFLIX_ADS_CMP_01,Tier 3 (Broad),6,10,621.6,180.0,365,111934,104,111934
2026-02-19,Netflix Ads,NETFLIX_ADS_CMP_02,Tier 1 (High intent),1,2,66.75,131.25,7,85,4,85
2026-02-19,Netflix Ads,NETFLIX_ADS_CMP_02,Tier 2 (Mid intent),3,5,200.26,183.75,628,38675,241,38675
2026-02-19,Netflix Ads,NETFLIX_ADS_CMP_02,Tier 3 (Broad),6,10,400.53,210.0,397,99805,116,99805
2026-02-19,TikTok Ads,TIKTOK_ADS_CMP_01,Tier 1 (High intent),1,2,91.69,540.0,493,11270,330,11270
2026-02-19,TikTok Ads,TIKTOK_ADS_CMP_01,Tier 2 (Mid intent),3,5,213.94,630.0,688,40337,167,40337
2026-02-19,TikTok Ads,TIKTOK_ADS_CMP_01,Tier 3 (Broad),6,10,305.63,630.0,503,128206,85,128206
2026-02-19,TikTok Ads,TIKTOK_ADS_CMP_02,Tier 1 (High intent),1,2,128.31,877.5,570,12296,400,12296
2026-02-19,TikTok Ads,TIKTOK_ADS_CMP_02,Tier 2 (Mid intent),3,5,299.39,1023.75,832,42508,197,42508
2026-02-19,TikTok Ads,TIKTOK_ADS_CMP_02,Tier 3 (Broad),6,10,427.69,1023.75,451,127276,77,127276
2026-02-20,Google Ads,GOOGLE_ADS_CMP_01,Tier 1 (High intent),1,2,377.64,4410.0,765,13099,778,13099
2026-02-20,Google Ads,GOOGLE_ADS_CMP_01,Tier 2 (Mid intent),3,5,431.59,1386.0,870,46193,490,46193
2026-02-20,Google Ads,GOOGLE_ADS_CMP_01,Tier 3 (Broad),6,10,269.74,504.0,549,106279,177,106279
2026-02-20,Google Ads,GOOGLE_ADS_CMP_02,Tier 1 (High intent),1,2,698.4,9712.5,970,15287,912,15287
2026-02-20,Google Ads,GOOGLE_ADS_CMP_02,Tier 2 (Mid intent),3,5,798.18,3052.5,927,43065,498,43065
2026-02-20,Google Ads,GOOGLE_ADS_CMP_02,Tier 3 (Broad),6,10,498.86,1110.0,515,110270,153,110270
2026-02-20,Meta Ads,META_ADS_CMP_01,Tier 1 (High intent),1,2,242.6,1278.75,797,14764,671,14764
2026-02-20,Meta Ads,META_ADS_CMP_01,Tier 2 (Mid intent),3,5,323.47,697.5,846,45028,334,45028
2026-02-20,Meta Ads,META_ADS_CMP_01,Tier 3 (Broad),6,10,242.6,348.75,496,110157,113,110157
2026-02-20,Meta Ads,META_ADS_CMP_02,Tier 1 (High intent),1,2,302.98,3258.75,769,13827,621,13827
2026-02-20,Meta Ads,META_ADS_CMP_02,Tier 2 (Mid intent),3,5,403.98,1777.5,926,46454,352,46454
2026-02-20,Meta Ads,META_ADS_CMP_02,Tier 3 (Broad),6,10,302.98,888.75,533,110698,88,110698
2026-02-20,Netflix Ads,NETFLIX_ADS_CMP_01,Tier 1 (High intent),1,2,106.43,150.0,616,13194,286,13194
2026-02-20,Netflix Ads,NETFLIX_ADS_CMP_01,Tier 2 (Mid intent),3,5,319.3,210.0,627,37331,267,37331
2026-02-20,Netflix Ads,NETFLIX_ADS_CMP_01,Tier 3 (Broad),6,10,638.6,240.0,434,110330,111,110330
2026-02-20,Netflix Ads,NETFLIX_ADS_CMP_02,Tier 1 (High intent),1,2,97.88,168.75,2,88,3,88
2026-02-20,Netflix Ads,NETFLIX_ADS_CMP_02,Tier 2 (Mid intent),3,5,293.63,236.25,676,38580,280,38580
2026-02-20,Netflix Ads,NETFLIX_ADS_CMP_02,Tier 3 (Broad),6,10,587.27,270.0,447,99795,157,99795
2026-02-20,TikTok Ads,TIKTOK_ADS_CMP_01,Tier 1 (High intent),1,2,104.92,720.0,606,11370,351,11370
2026-02-20,TikTok Ads,TIKTOK_ADS_CMP_01,Tier 2 (Mid intent),3,5,244.82,840.0,663,38773,149,38773
2026-02-20,TikTok Ads,TIKTOK_ADS_CMP_01,Tier 3 (Broad),6,10,349.75,840.0,498,124669,54,124669
2026-02-20,TikTok Ads,TIKTOK_ADS_CMP_02,Tier 1 (High intent),1,2,102.88,292.5,579,10998,356,10998
2026-02-20,TikTok Ads,TIKTOK_ADS_CMP_02,Tier 2 (Mid intent),3,5,240.06,341.25,717,42070,163,42070
2026-02-20,TikTok Ads,TIKTOK_ADS_CMP_02,Tier 3 (Broad),6,10,342.94,341.25,487,112296,93,112296
2026-02-21,Google Ads,GOOGLE_ADS_CMP_01,Tier 1 (High intent),1,2,439.04,3675.0,785,13315,767,13315
2026-02-21,Google Ads,GOOGLE_ADS_CMP_01,Tier 2 (Mid intent),3,5,501.76,1155.0,832,43445,439,43445
2026-02-21,Google Ads,GOOGLE_ADS_CMP_01,Tier 3 (Broad),6,10,313.6,420.0,489,104418,157,104418
2026-02-21,Google Ads,GOOGLE_ADS_CMP_02,Tier 1 (High intent),1,2,446.88,4987.5,927,14588,833,14588
2026-02-21,Google Ads,GOOGLE_ADS_CMP_02,Tier 2 (Mid intent),3,5,510.72,1567.5,887,45887,477,45887
2026-02-21,Google Ads,GOOGLE_ADS_CMP_02,Tier 3 (Broad),6,10,319.2,570.0,511,99600,117,99600
2026-02-21,Meta Ads,META_ADS_CMP_01,Tier 1 (High intent),1,2,261.89,1113.75,745,13725,612,13725
2026-02-21,Meta Ads,META_ADS_CMP_01,Tier 2 (Mid intent),3,5,349.18,607.5,946,47928,326,47928
2026-02-21,Meta Ads,META_ADS_CMP_01,Tier 3 (Broad),6,10,261.89,303.75,581,104242,106,104242
2026-02-21,Meta Ads,META_ADS_CMP_02,Tier 1 (High intent),1,2,366.14,3423.75,939,15478,736,15478
2026-02-21,Meta Ads,META_ADS_CMP_02,Tier 2 (Mid intent),3,5,488.18,1867.5,808,40643,271,40643
2026-02-21,Meta Ads,META_ADS_CMP_02,Tier 3 (Broad),6,10,366.14,933.75,550,122090,106,122090
2026-02-21,Netflix Ads,NETFLIX_ADS_CMP_01,Tier 1 (High intent),1,2,90.76,93.75,441,10931,267,10931
2026-02-21,Netflix Ads,NETFLIX_ADS_CMP_01,Tier 2 (Mid intent),3,5,272.28,131.25,669,38585,254,38585
2026-02-21,Netflix Ads,NETFLIX_ADS_CMP_01,Tier 3 (Broad),6,10,544.56,150.0,494,106134,134,106134
2026-02-21,Netflix Ads,NETFLIX_ADS_CMP_02,Tier 1 (High intent),1,2,97.02,75.0,9,84,1,84
2026-02-21,Netflix Ads,NETFLIX_ADS_CMP_02,Tier 2 (Mid intent),3,5,291.07,105.0,564,40787,233,40787
2026-02-21,Netflix Ads,NETFLIX_ADS_CMP_02,Tier 3 (Broad),6,10,582.14,120.0,478,108267,140,108267
2026-02-21,TikTok Ads,TIKTOK_ADS_CMP_01,Tier 1 (High intent),1,2,75.52,382.5,645,12325,397,12325
2026-02-21,TikTok Ads,TIKTOK_ADS_CMP_01,Tier 2 (Mid intent),3,5,176.22,446.25,808,43864,171,43864
2026-02-21,TikTok Ads,TIKTOK_ADS_CMP_01,Tier 3 (Broad),6,10,251.75,446.25,438,123495,72,123495
2026-02-21,TikTok Ads,TIKTOK_ADS_CMP_02,Tier 1 (High intent),1,2,62.75,270.0,576,12074,356,12074
2026-02-21,TikTok Ads,TIKTOK_ADS_CMP_02,Tier 2 (Mid intent),3,5,146.43,315.0,683,38982,176,38982
2026-02-21,TikTok Ads,TIKTOK_ADS_CMP_02,Tier 3 (Broad),6,10,209.18,315.0,417,111708,36,111708
2026-02-22,Google Ads,GOOGLE_ADS_CMP_01,Tier 1 (High intent),1,2,638.33,7612.5,715,13046,682,13046
2026-02-22,Google Ads,GOOGLE_ADS_CMP_01,Tier 2 (Mid intent),3,5,729.52,2392.5,780,40521,430,40521
2026-02-22,Google Ads,GOOGLE_ADS_CMP_01,Tier 3 (Broad),6,10,455.95,870.0,553,106307,179,106307
2026-02-22,Google Ads,GOOGLE_ADS_CMP_02,Tier 1 (High intent),1,2,484.34,4410.0,893,14661,848,14661
2026-02-22,Google Ads,GOOGLE_ADS_CMP_02,Tier 2 (Mid intent),3,5,553.54,1386.0,844,38722,476,38722
2026-02-22,Google Ads,GOOGLE_ADS_CMP_02,Tier 3 (Broad),6,10,345.96,504.0,663,115559,204,115559
2026-02-22,Meta Ads,META_ADS_CMP_01,Tier 1 (High intent),1,2,343.64,2062.5,845,14484,664,14484
2026-02-22,Meta Ads,META_ADS_CMP_01,Tier 2 (Mid intent),3,5,458.19,1125.0,836,44486,352,44486
2026-02-22,Meta Ads,META_ADS_CMP_01,Tier 3 (Broad),6,10,343.64,562.5,532,108076,99,108076
2026-02-22,Meta Ads,META_ADS_CMP_02,Tier 1 (High intent),1,2,326.31,2681.25,840,14999,682,14999
2026-02-22,Meta Ads,META_ADS_CMP_02,Tier 2 (Mid intent),3,5,435.08,1462.5,868,44599,264,44599
2026-02-22,Meta Ads,META_ADS_CMP_02,Tier 3 (Broad),6,10,326.31,731.25,616,124986,81,124986
2026-02-22,Netflix Ads,NETFLIX_ADS_CMP_01,Tier 1 (High intent),1,2,96.75,131.25,571,12767,283,12767
2026-02-22,Netflix Ads,NETFLIX_ADS_CMP_01,Tier 2 (Mid intent),3,5,290.26,183.75,616,36448,229,36448
2026-02-22,Netflix Ads,NETFLIX_ADS_CMP_01,Tier 3 (Broad),6,10,580.52,210.0,470,109934,153,109934
2026-02-22,Netflix Ads,NETFLIX_ADS_CMP_02,Tier 1 (High intent),1,2,63.99,37.5,3,81,2,81
2026-02-22,Netflix Ads,NETFLIX_ADS_CMP_02,Tier 2 (Mid intent),3,5,191.96,52.5,612,36078,228,36078
2026-02-22,Netflix Ads,NETFLIX_ADS_CMP_02,Tier 3 (Broad),6,10,383.92,60.0,388,104109,115,104109
2026-02-22,TikTok Ads,TIKTOK_ADS_CMP_01,Tier 1 (High intent),1,2,116.34,675.0,584,12604,407,12604
2026-02-22,TikTok Ads,TIKTOK_ADS_CMP_01,Tier 2 (Mid intent),3,5,271.46,787.5,763,42195,201,42195
2026-02-22,TikTok Ads,TIKTOK_ADS_CMP_01,Tier 3 (Broad),6,10,387.8,787.5,478,117711,78,117711
2026-02-22,TikTok Ads,TIKTOK_ADS_CMP_02,Tier 1 (High intent),1,2,87.14,472.5,641,11444,401,11444
2026-02-22,TikTok Ads,TIKTOK_ADS_CMP_02,Tier 2 (Mid intent),3,5,203.34,551.25,664,38076,152,38076
2026-02-22,TikTok Ads,TIKTOK_ADS_CMP_02,Tier 3 (Broad),6,10,290.48,551.25,525,119530,62,119530
2026-02-23,Google Ads,GOOGLE_ADS_CMP_01,Tier 1 (High intent),1,2,592.37,7560.0,845,14223,773,14223
2026-02-23,Google Ads,GOOGLE_ADS_CMP_01,Tier 2 (Mid intent),3,5,677.0,2376.0,835,39975,470,39975
2026-02-23,Google Ads,GOOGLE_ADS_CMP_01,Tier 3 (Broad),6,10,423.12,864.0,474,104533,136,104533
2026-02-23,Google Ads,GOOGLE_ADS_CMP_02,Tier 1 (High intent),1,2,626.15,8610.0,840,13093,828,13093
2026-02-23,Google Ads,GOOGLE_ADS_CMP_02,Tier 2 (Mid intent),3,5,715.6,2706.0,856,37974,440,37974
2026-02-23,Google Ads,GOOGLE_ADS_CMP_02,Tier 3 (Broad),6,10,447.25,984.0,542,109644,161,109644
2026-02-23,Meta Ads,META_ADS_CMP_01,Tier 1 (High intent),1,2,301.96,2640.0,689,13924,599,13924
2026-02-23,Meta Ads,META_ADS_CMP_01,Tier 2 (Mid intent),3,5,402.61,1440.0,722,43989,234,43989
2026-02-23,Meta Ads,META_ADS_CMP_01,Tier 3 (Broad),6,10,301.96,720.0,575,108239,75,108239
2026-02-23,Meta Ads,META_ADS_CMP_02,Tier 1 (High intent),1,2,357.31,2640.0,693,13505,562,13505
2026-02-23,Meta Ads,META_ADS_CMP_02,Tier 2 (Mid intent),3,5,476.42,1440.0,793,41097,320,41097
2026-02-23,Meta Ads,META_ADS_CMP_02,Tier 3 (Broad),6,10,357.31,720.0,673,125230,195,125230
2026-02-23,Netflix Ads,NETFLIX_ADS_CMP_01,Tier 1 (High intent),1,2,85.83,56.25,505,11305,261,11305
2026-02-23,Netflix Ads,NETFLIX_ADS_CMP_01,Tier 2 (Mid intent),3,5,257.5,78.75,642,37960,261,37960
2026-02-23,Netflix Ads,NETFLIX_ADS_CMP_01,Tier 3 (Broad),6,10,514.99,90.0,448,109936,116,109936
2026-02-23,Netflix Ads,NETFLIX_ADS_CMP_02,Tier 1 (High intent),1,2,98.21,93.75,6,93,1,93
2026-02-23,Netflix Ads,NETFLIX_ADS_CMP_02,Tier 2 (Mid intent),3,5,294.64,131.25,590,37291,218,37291
2026-02-23,Netflix Ads,NETFLIX_ADS_CMP_02,Tier 3 (Broad),6,10,589.28,150.0,376,99253,123,99253
2026-02-23,TikTok Ads,TIKTOK_ADS_CMP_01,Tier 1 (High intent),1,2,128.75,360.0,623,11922,403,11922
2026-02-23,TikTok Ads,TIKTOK_ADS_CMP_01,Tier 2 (Mid intent),3,5,300.41,420.0,693,41653,198,41653
2026-02-23,TikTok Ads,TIKTOK_ADS_CMP_01,Tier 3 (Broad),6,10,429.16,420.0,448,111203,67,111203
2026-02-23,TikTok Ads,TIKTOK_ADS_CMP_02,Tier 1 (High intent),1,2,105.08,877.5,546,11350,373,11350
2026-02-23,TikTok Ads,TIKTOK_ADS_CMP_02,Tier 2 (Mid intent),3,5,245.19,1023.75,617,42521,175,42521
2026-02-23,TikTok Ads,TIKTOK_ADS_CMP_02,Tier 3 (Broad),6,10,350.27,1023.75,465,113721,50,113721
2026-02-24,Google Ads,GOOGLE_ADS_CMP_01,Tier 1 (High intent),1,2,526.91,6615.0,834,15042,830,15042
2026-02-24,Google Ads,GOOGLE_ADS_CMP_01,Tier 2 (Mid intent),3,5,602.18,2079.0,821,41346,442,41346
2026-02-24,Google Ads,GOOGLE_ADS_CMP_01,Tier 3 (Broad),6,10,376.37,756.0,641,118736,213,118736
2026-02-24,Google Ads,GOOGLE_ADS_CMP_02,Tier 1 (High intent),1,2,485.8,7035.0,749,12769,750,12769
2026-02-24,Google Ads,GOOGLE_ADS_CMP_02,Tier 2 (Mid intent),3,5,555.2,2211.0,786,38939,430,38939
2026-02-24,Google Ads,GOOGLE_ADS_CMP_02,Tier 3 (Broad),6,10,347.0,804.0,528,102365,177,102365
2026-02-24,Meta Ads,META_ADS_CMP_01,Tier 1 (High intent),1,2,382.19,2557.5,743,13868,596,13868
2026-02-24,Meta Ads,META_ADS_CMP_01,Tier 2 (Mid intent),3,5,509.59,1395.0,889,47416,312,47416
2026-02-24,Meta Ads,META_ADS_CMP_01,Tier 3 (Broad),6,10,382.19,697.5,526,103945,102,103945
2026-02-24,Meta Ads,META_ADS_CMP_02,Tier 1 (High intent),1,2,335.34,2310.0,774,13893,579,13893
2026-02-24,Meta Ads,META_ADS_CMP_02,Tier 2 (Mid intent),3,5,447.12,1260.0,838,42640,272,42640
2026-02-24,Meta Ads,META_ADS_CMP_02,Tier 3 (Broad),6,10,335.34,630.0,510,105302,141,105302
2026-02-24,Netflix Ads,NETFLIX_ADS_CMP_01,Tier 1 (High intent),1,2,92.48,75.0,516,12144,283,12144
2026-02-24,Netflix Ads,NETFLIX_ADS_CMP_01,Tier 2 (Mid intent),3,5,277.45,105.0,532,37413,251,37413
2026-02-24,Netflix Ads,NETFLIX_ADS_CMP_01,Tier 3 (Broad),6,10,554.9,120.0,407,99170,104,99170
2026-02-24,Netflix Ads,NETFLIX_ADS_CMP_02,Tier 1 (High intent),1,2,110.02,37.5,2,98,1,98
2026-02-24,Netflix Ads,NETFLIX_ADS_CMP_02,Tier 2 (Mid intent),3,5,330.06,52.5,576,36671,232,36671
2026-02-24,Netflix Ads,NETFLIX_ADS_CMP_02,Tier 3 (Broad),6,10,660.11,60.0,344,95545,123,95545
2026-02-24,TikTok Ads,TIKTOK_ADS_CMP_01,Tier 1 (High intent),1,2,68.71,405.0,571,11266,363,11266
2026-02-24,TikTok Ads,TIKTOK_ADS_CMP_01,Tier 2 (Mid intent),3,5,160.32,472.5,663,36548,193,36548
2026-02-24,TikTok Ads,TIKTOK_ADS_CMP_01,Tier 3 (Broad),6,10,229.03,472.5,459,126594,58,126594
2026-02-24,TikTok Ads,TIKTOK_ADS_CMP_02,Tier 1 (High intent),1,2,122.0,720.0,562,12315,347,12315
2026-02-24,TikTok Ads,TIKTOK_ADS_CMP_02,Tier 2 (Mid intent),3,5,284.67,840.0,719,38273,120,38273
2026-02-24,TikTok Ads,TIKTOK_ADS_CMP_02,Tier 3 (Broad),6,10,406.68,840.0,537,120961,81,120961
2026-02-25,Google Ads,GOOGLE_ADS_CMP_01,Tier 1 (High intent),1,2,521.12,7455.0,797,13543,752,13543
2026-02-25,Google Ads,GOOGLE_ADS_CMP_01,Tier 2 (Mid intent),3,5,595.56,2343.0,809,41251,404,41251
2026-02-25,Google Ads,GOOGLE_ADS_CMP_01,Tier 3 (Broad),6,10,372.23,852.0,576,109034,207,109034
2026-02-25,Google Ads,GOOGLE_ADS_CMP_02,Tier 1 (High intent),1,2,420.46,4987.5,827,12887,753,12887
2026-02-25,Google Ads,GOOGLE_ADS_CMP_02,Tier 2 (Mid intent),3,5,480.52,1567.5,822,40965,423,40965
2026-02-25,Google Ads,GOOGLE_ADS_CMP_02,Tier 3 (Broad),6,10,300.33,570.0,498,108840,157,108840
2026-02-25,Meta Ads,META_ADS_CMP_01,Tier 1 (High intent),1,2,252.1,1320.0,843,16155,686,16155
2026-02-25,Meta Ads,META_ADS_CMP_01,Tier 2 (Mid intent),3,5,336.14,720.0,926,46867,332,46867
2026-02-25,Meta Ads,META_ADS_CMP_01,Tier 3 (Broad),6,10,252.1,360.0,475,111158,110,111158
2026-02-25,Meta Ads,META_ADS_CMP_02,Tier 1 (High intent),1,2,312.93,2021.25,800,14945,663,14945
2026-02-25,Meta Ads,META_ADS_CMP_02,Tier 2 (Mid intent),3,5,417.24,1102.5,944,46655,289,46655
2026-02-25,Meta Ads,META_ADS_CMP_02,Tier 3 (Broad),6,10,312.93,551.25,526,105572,126,105572
2026-02-25,Netflix Ads,NETFLIX_ADS_CMP_01,Tier 1 (High intent),1,2,116.64,75.0,539,11359,280,11359
2026-02-25,Netflix Ads,NETFLIX_ADS_CMP_01,Tier 2 (Mid intent),3,5,349.93,105.0,666,38976,257,38976
2026-02-25,Netflix Ads,NETFLIX_ADS_CMP_01,Tier 3 (Broad),6,10,699.86,120.0,431,108931,147,108931
2026-02-25,Netflix Ads,NETFLIX_ADS_CMP_02,Tier 1 (High intent),1,2,111.81,93.75,2,84,1,84
2026-02-25,Netflix Ads,NETFLIX_ADS_CMP_02,Tier 2 (Mid intent),3,5,335.44,131.25,580,40645,204,40645
2026-02-25,Netflix Ads,NETFLIX_ADS_CMP_02,Tier 3 (Broad),6,10,670.88,150.0,476,106477,151,106477
2026-02-25,TikTok Ads,TIKTOK_ADS_CMP_01,Tier 1 (High intent),1,2,77.08,652.5,652,12051,437,12051
2026-02-25,TikTok Ads,TIKTOK_ADS_CMP_01,Tier 2 (Mid intent),3,5,179.85,761.25,746,39051,208,39051
2026-02-25,TikTok Ads,TIKTOK_ADS_CMP_01,Tier 3 (Broad),6,10,256.94,761.25,437,112430,64,112430
2026-02-25,TikTok Ads,TIKTOK_ADS_CMP_02,Tier 1 (High intent),1,2,119.29,607.5,545,11199,376,11199
2026-02-25,TikTok Ads,TIKTOK_ADS_CMP_02,Tier 2 (Mid intent),3,5,278.34,708.75,753,43303,180,43303
2026-02-25,TikTok Ads,TIKTOK_ADS_CMP_02,Tier 3 (Broad),6,10,397.62,708.75,524,130950,63,130950
2026-02-26,Google Ads,GOOGLE_ADS_CMP_01,Tier 1 (High intent),1,2,550.74,7560.0,792,14062,794,14062
2026-02-26,Google Ads,GOOGLE_ADS_CMP_01,Tier 2 (Mid intent),3,5,629.41,2376.0,799,39814,427,39814
2026-02-26,Google Ads,GOOGLE_ADS_CMP_01,Tier 3 (Broad),6,10,393.38,864.0,549,100977,153,100977
2026-02-26,Google Ads,GOOGLE_ADS_CMP_02,Tier 1 (High intent),1,2,659.21,5512.5,782,12956,779,12956
2026-02-26,Google Ads,GOOGLE_ADS_CMP_02,Tier 2 (Mid intent),3,5,753.38,1732.5,937,44786,502,44786
2026-02-26,Google Ads,GOOGLE_ADS_CMP_02,Tier 3 (Broad),6,10,470.87,630.0,526,102070,182,102070
2026-02-26,Meta Ads,META_ADS_CMP_01,Tier 1 (High intent),1,2,399.98,1773.75,704,13513,538,13513
2026-02-26,Meta Ads,META_ADS_CMP_01,Tier 2 (Mid intent),3,5,533.3,967.5,870,44259,292,44259
2026-02-26,Meta Ads,META_ADS_CMP_01,Tier 3 (Broad),6,10,399.98,483.75,557,118320,112,118320
2026-02-26,Meta Ads,META_ADS_CMP_02,Tier 1 (High intent),1,2,421.77,3258.75,920,15686,837,15686
2026-02-26,Meta Ads,META_ADS_CMP_02,Tier 2 (Mid intent),3,5,562.36,1777.5,775,44215,234,44215
2026-02-26,Meta Ads,META_ADS_CMP_02,Tier 3 (Broad),6,10,421.77,888.75,547,119150,109,119150
2026-02-26,Netflix Ads,NETFLIX_ADS_CMP_01,Tier 1 (High intent),1,2,72.64,93.75,492,12183,286,12183
2026-02-26,Netflix Ads,NETFLIX_ADS_CMP_01,Tier 2 (Mid intent),3,5,217.93,131.25,549,38839,215,38839
2026-02-26,Netflix Ads,NETFLIX_ADS_CMP_01,Tier 3 (Broad),6,10,435.85,150.0,350,96438,91,96438
2026-02-26,Netflix Ads,NETFLIX_ADS_CMP_02,Tier 1 (High intent),1,2,110.05,112.5,6,96,1,96
2026-02-26,Netflix Ads,NETFLIX_ADS_CMP_02,Tier 2 (Mid intent),3,5,330.15,157.5,664,41598,243,41598
2026-02-26,Netflix Ads,NETFLIX_ADS_CMP_02,Tier 3 (Broad),6,10,660.29,180.0,418,100857,117,100857
2026-02-26,TikTok Ads,TIKTOK_ADS_CMP_01,Tier 1 (High intent),1,2,61.43,450.0,517,10821,368,10821
2026-02-26,TikTok Ads,TIKTOK_ADS_CMP_01,Tier 2 (Mid intent),3,5,143.35,525.0,853,43296,180,43296
2026-02-26,TikTok Ads,TIKTOK_ADS_CMP_01,Tier 3 (Broad),6,10,204.78,525.0,477,124775,89,124775
2026-02-26,TikTok Ads,TIKTOK_ADS_CMP_02,Tier 1 (High intent),1,2,70.08,202.5,573,11519,380,11519
2026-02-26,TikTok Ads,TIKTOK_ADS_CMP_02,Tier 2 (Mid intent),3,5,163.53,236.25,725,39540,209,39540
2026-02-26,TikTok Ads,TIKTOK_ADS_CMP_02,Tier 3 (Broad),6,10,233.61,236.25,437,113240,73,113240
2026-02-27,Google Ads,GOOGLE_ADS_CMP_01,Tier 1 (High intent),1,2,472.09,6037.5,789,13502,799,13502
2026-02-27,Google Ads,GOOGLE_ADS_CMP_01,Tier 2 (Mid intent),3,5,539.53,1897.5,816,39221,408,39221
2026-02-27,Google Ads,GOOGLE_ADS_CMP_01,Tier 3 (Broad),6,10,337.2,690.0,614,120977,215,120977
2026-02-27,Google Ads,GOOGLE_ADS_CMP_02,Tier 1 (High intent),1,2,684.29,7245.0,933,14780,838,14780
2026-02-27,Google Ads,GOOGLE_ADS_CMP_02,Tier 2 (Mid intent),3,5,782.05,2277.0,984,44292,531,44292
2026-02-27,Google Ads,GOOGLE_ADS_CMP_02,Tier 3 (Broad),6,10,488.78,828.0,568,119826,193,119826
2026-02-27,Meta Ads,META_ADS_CMP_01,Tier 1 (High intent),1,2,378.29,3217.5,834,15251,620,15251
2026-02-27,Meta Ads,META_ADS_CMP_01,Tier 2 (Mid intent),3,5,504.39,1755.0,981,47781,271,47781
2026-02-27,Meta Ads,META_ADS_CMP_01,Tier 3 (Broad),6,10,378.29,877.5,484,105111,92,105111
2026-02-27,Meta Ads,META_ADS_CMP_02,Tier 1 (High intent),1,2,342.4,2103.75,1006,16429,769,16429
2026-02-27,Meta Ads,META_ADS_CMP_02,Tier 2 (Mid intent),3,5,456.54,1147.5,876,46212,278,46212
2026-02-27,Meta Ads,META_ADS_CMP_02,Tier 3 (Broad),6,10,342.4,573.75,577,106599,114,106599
2026-02-27,Netflix Ads,NETFLIX_ADS_CMP_01,Tier 1 (High intent),1,2,84.31,112.5,567,11807,234,11807
2026-02-27,Netflix Ads,NETFLIX_ADS_CMP_01,Tier 2 (Mid intent),3,5,252.92,157.5,521,38420,228,38420
2026-02-27,Netflix Ads,NETFLIX_ADS_CMP_01,Tier 3 (Broad),6,10,505.84,180.0,446,109983,142,109983
2026-02-27,Netflix Ads,NETFLIX_ADS_CMP_02,Tier 1 (High intent),1,2,98.43,112.5,7,96,4,96
2026-02-27,Netflix Ads,NETFLIX_ADS_CMP_02,Tier 2 (Mid intent),3,5,295.29,157.5,606,38379,232,38379
2026-02-27,Netflix Ads,NETFLIX_ADS_CMP_02,Tier 3 (Broad),6,10,590.57,180.0,418,108205,120,108205
2026-02-27,TikTok Ads,TIKTOK_ADS_CMP_01,Tier 1 (High intent),1,2,119.59,630.0,610,12612,447,12612
2026-02-27,TikTok Ads,TIKTOK_ADS_CMP_01,Tier 2 (Mid intent),3,5,279.04,735.0,636,36519,181,36519
2026-02-27,TikTok Ads,TIKTOK_ADS_CMP_01,Tier 3 (Broad),6,10,398.63,735.0,445,115973,74,115973
2026-02-27,TikTok Ads,TIKTOK_ADS_CMP_02,Tier 1 (High intent),1,2,82.15,315.0,609,12865,451,12865
2026-02-27,TikTok Ads,TIKTOK_ADS_CMP_02,Tier 2 (Mid intent),3,5,191.68,367.5,718,42801,242,42801
2026-02-27,TikTok Ads,TIKTOK_ADS_CMP_02,Tier 3 (Broad),6,10,273.82,367.5,470,109806,62,109806
2026-02-28,Google Ads,GOOGLE_ADS_CMP_01,Tier 1 (High intent),1,2,637.89,9555.0,757,12927,751,12927
2026-02-28,Google Ads,GOOGLE_ADS_CMP_01,Tier 2 (Mid intent),3,5,729.01,3003.0,849,44442,440,44442
2026-02-28,Google Ads,GOOGLE_ADS_CMP_01,Tier 3 (Broad),6,10,455.63,1092.0,529,102877,188,102877
2026-02-28,Google Ads,GOOGLE_ADS_CMP_02,Tier 1 (High intent),1,2,621.37,5932.5,893,13787,786,13787
2026-02-28,Google Ads,GOOGLE_ADS_CMP_02,Tier 2 (Mid intent),3,5,710.14,1864.5,842,41244,454,41244
2026-02-28,Google Ads,GOOGLE_ADS_CMP_02,Tier 3 (Broad),6,10,443.84,678.0,443,99966,152,99966
2026-02-28,Meta Ads,META_ADS_CMP_01,Tier 1 (High intent),1,2,265.81,2227.5,795,14036,641,14036
2026-02-28,Meta Ads,META_ADS_CMP_01,Tier 2 (Mid intent),3,5,354.42,1215.0,854,43908,296,43908
2026-02-28,Meta Ads,META_ADS_CMP_01,Tier 3 (Broad),6,10,265.81,607.5,639,117094,108,117094
2026-02-28,Meta Ads,META_ADS_CMP_02,Tier 1 (High intent),1,2,371.2,2475.0,876,15422,722,15422
2026-02-28,Meta Ads,META_ADS_CMP_02,Tier 2 (Mid intent),3,5,494.94,1350.0,851,48829,314,48829
2026-02-28,Meta Ads,META_ADS_CMP_02,Tier 3 (Broad),6,10,371.2,675.0,625,119370,124,119370
2026-02-28,Netflix Ads,NETFLIX_ADS_CMP_01,Tier 1 (High intent),1,2,81.61,93.75,476,11023,254,11023
2026-02-28,Netflix Ads,NETFLIX_ADS_CMP_01,Tier 2 (Mid intent),3,5,244.84,131.25,664,36754,278,36754
2026-02-28,Netflix Ads,NETFLIX_ADS_CMP_01,Tier 3 (Broad),6,10,489.68,150.0,408,98864,105,98864
2026-02-28,Netflix Ads,NETFLIX_ADS_CMP_02,Tier 1 (High intent),1,2,113.51,131.25,5,98,3,98
2026-02-28,Netflix Ads,NETFLIX_ADS_CMP_02,Tier 2 (Mid intent),3,5,340.54,183.75,625,40435,257,40435
2026-02-28,Netflix Ads,NETFLIX_ADS_CMP_02,Tier 3 (Broad),6,10,681.07,210.0,479,111266,141,111266
2026-02-28,TikTok Ads,TIKTOK_ADS_CMP_01,Tier 1 (High intent),1,2,107.22,517.5,514,10889,349,10889
2026-02-28,TikTok Ads,TIKTOK_ADS_CMP_01,Tier 2 (Mid intent),3,5,250.17,603.75,579,37615,207,37615
2026-02-28,TikTok Ads,TIKTOK_ADS_CMP_01,Tier 3 (Broad),6,10,357.39,603.75,538,125971,49,125971
2026-02-28,TikTok Ads,TIKTOK_ADS_CMP_02,Tier 1 (High intent),1,2,64.7,315.0,576,13170,398,13170
2026-02-28,TikTok Ads,TIKTOK_ADS_CMP_02,Tier 2 (Mid intent),3,5,150.97,367.5,725,40794,163,40794
2026-02-28,TikTok Ads,TIKTOK_ADS_CMP_02,Tier 3 (Broad),6,10,215.67,367.5,453,109179,68,109179
2026-03-01,Google Ads,GOOGLE_ADS_CMP_01,Tier 1 (High intent),1,2,682.77,8557.5,907,14512,854,14512
2026-03-01,Google Ads,GOOGLE_ADS_CMP_01,Tier 2 (Mid intent),3,5,780.31,2689.5,697,39735,395,39735
2026-03-01,Google Ads,GOOGLE_ADS_CMP_01,Tier 3 (Broad),6,10,487.69,978.0,528,104106,143,104106
2026-03-01,Google Ads,GOOGLE_ADS_CMP_02,Tier 1 (High intent),1,2,575.45,6930.0,734,12776,741,12776
2026-03-01,Google Ads,GOOGLE_ADS_CMP_02,Tier 2 (Mid intent),3,5,657.66,2178.0,744,39287,421,39287
2026-03-01,Google Ads,GOOGLE_ADS_CMP_02,Tier 3 (Broad),6,10,411.04,792.0,634,120180,183,120180
2026-03-01,Meta Ads,META_ADS_CMP_01,Tier 1 (High intent),1,2,258.75,2475.0,766,14241,566,14241
2026-03-01,Meta Ads,META_ADS_CMP_01,Tier 2 (Mid intent),3,5,345.0,1350.0,895,46547,315,46547
2026-03-01,Meta Ads,META_ADS_CMP_01,Tier 3 (Broad),6,10,258.75,675.0,617,125230,142,125230
2026-03-01,Meta Ads,META_ADS_CMP_02,Tier 1 (High intent),1,2,387.81,3918.75,732,13772,617,13772
2026-03-01,Meta Ads,META_ADS_CMP_02,Tier 2 (Mid intent),3,5,517.08,2137.5,881,45083,373,45083
2026-03-01,Meta Ads,META_ADS_CMP_02,Tier 3 (Broad),6,10,387.81,1068.75,540,109296,140,109296
2026-03-01,Netflix Ads,NETFLIX_ADS_CMP_01,Tier 1 (High intent),1,2,72.72,112.5,486,11416,233,11416
2026-03-01,Netflix Ads,NETFLIX_ADS_CMP_01,Tier 2 (Mid intent),3,5,218.16,157.5,555,34703,265,34703
2026-03-01,Netflix Ads,NETFLIX_ADS_CMP_01,Tier 3 (Broad),6,10,436.32,180.0,389,95861,125,95861
2026-03-01,Netflix Ads,NETFLIX_ADS_CMP_02,Tier 1 (High intent),1,2,100.67,93.75,4,85,0,85
2026-03-01,Netflix Ads,NETFLIX_ADS_CMP_02,Tier 2 (Mid intent),3,5,302.01,131.25,685,38201,266,38201
2026-03-01,Netflix Ads,NETFLIX_ADS_CMP_02,Tier 3 (Broad),6,10,604.01,150.0,383,105319,114,105319
2026-03-01,TikTok Ads,TIKTOK_ADS_CMP_01,Tier 1 (High intent),1,2,92.45,337.5,641,10958,344,10958
2026-03-01,TikTok Ads,TIKTOK_ADS_CMP_01,Tier 2 (Mid intent),3,5,215.73,393.75,705,42790,163,42790
2026-03-01,TikTok Ads,TIKTOK_ADS_CMP_01,Tier 3 (Broad),6,10,308.18,393.75,445,111524,53,111524
2026-03-01,TikTok Ads,TIKTOK_ADS_CMP_02,Tier 1 (High intent),1,2,63.93,450.0,610,11601,414,11601
2026-03-01,TikTok Ads,TIKTOK_ADS_CMP_02,Tier 2 (Mid intent),3,5,149.16,525.0,858,42345,180,42345
2026-03-01,TikTok Ads,TIKTOK_ADS_CMP_02,Tier 3 (Broad),6,10,213.09,525.0,445,114519,49,114519
2026-03-02,Google Ads,GOOGLE_ADS_CMP_01,Tier 1 (High intent),1,2,389.03,4357.5,776,12726,667,12726
2026-03-02,Google Ads,GOOGLE_ADS_CMP_01,Tier 2 (Mid intent),3,5,444.6,1369.5,828,43255,464,43255
2026-03-02,Google Ads,GOOGLE_ADS_CMP_01,Tier 3 (Broad),6,10,277.88,498.0,628,118069,167,118069
2026-03-02,Google Ads,GOOGLE_ADS_CMP_02,Tier 1 (High intent),1,2,482.68,5197.5,905,15234,837,15234
2026-03-02,Google Ads,GOOGLE_ADS_CMP_02,Tier 2 (Mid intent),3,5,551.64,1633.5,748,39495,423,39495
2026-03-02,Google Ads,GOOGLE_ADS_CMP_02,Tier 3 (Broad),6,10,344.77,594.0,506,111773,151,111773
2026-03-02,Meta Ads,META_ADS_CMP_01,Tier 1 (High intent),1,2,395.11,2516.25,934,16092,722,16092
2026-03-02,Meta Ads,META_ADS_CMP_01,Tier 2 (Mid intent),3,5,526.81,1372.5,786,41657,301,41657
2026-03-02,Meta Ads,META_ADS_CMP_01,Tier 3 (Broad),6,10,395.11,686.25,468,104698,78,104698
2026-03-02,Meta Ads,META_ADS_CMP_02,Tier 1 (High intent),1,2,281.83,2103.75,887,15746,671,15746
2026-03-02,Meta Ads,META_ADS_CMP_02,Tier 2 (Mid intent),3,5,375.78,1147.5,903,49024,361,49024
2026-03-02,Meta Ads,META_ADS_CMP_02,Tier 3 (Broad),6,10,281.83,573.75,628,121953,130,121953
2026-03-02,Netflix Ads,NETFLIX_ADS_CMP_01,Tier 1 (High intent),1,2,91.28,93.75,557,12695,243,12695
2026-03-02,Netflix Ads,NETFLIX_ADS_CMP_01,Tier 2 (Mid intent),3,5,273.83,131.25,599,36591,189,36591
2026-03-02,Netflix Ads,NETFLIX_ADS_CMP_01,Tier 3 (Broad),6,10,547.67,150.0,393,100584,110,100584
2026-03-02,Netflix Ads,NETFLIX_ADS_CMP_02,Tier 1 (High intent),1,2,77.6,131.25,2,85,1,85
2026-03-02,Netflix Ads,NETFLIX_ADS_CMP_02,Tier 2 (Mid intent),3,5,232.8,183.75,572,37296,220,37296
2026-03-02,Netflix Ads,NETFLIX_ADS_CMP_02,Tier 3 (Broad),6,10,465.59,210.0,404,99532,137,99532
2026-03-02,TikTok Ads,TIKTOK_ADS_CMP_01,Tier 1 (High intent),1,2,99.82,540.0,506,11310,317,11310
2026-03-02,TikTok Ads,TIKTOK_ADS_CMP_01,Tier 2 (Mid intent),3,5,232.91,630.0,694,41149,135,41149
2026-03-02,TikTok Ads,TIKTOK_ADS_CMP_01,Tier 3 (Broad),6,10,332.74,630.0,511,110422,88,110422
2026-03-02,TikTok Ads,TIKTOK_ADS_CMP_02,Tier 1 (High intent),1,2,98.93,540.0,608,12592,368,12592
2026-03-02,TikTok Ads,TIKTOK_ADS_CMP_02,Tier 2 (Mid intent),3,5,230.83,630.0,661,38971,142,38971
2026-03-02,TikTok Ads,TIKTOK_ADS_CMP_02,Tier 3 (Broad),6,10,329.76,630.0,447,110753,84,110753
2026-03-03,Google Ads,GOOGLE_ADS_CMP_01,Tier 1 (High intent),1,2,489.3,5670.0,798,13945,833,13945
2026-03-03,Google Ads,GOOGLE_ADS_CMP_01,Tier 2 (Mid intent),3,5,559.2,1782.0,897,45529,533,45529
2026-03-03,Google Ads,GOOGLE_ADS_CMP_01,Tier 3 (Broad),6,10,349.5,648.0,540,119706,169,119706
2026-03-03,Google Ads,GOOGLE_ADS_CMP_02,Tier 1 (High intent),1,2,519.43,7455.0,707,13147,685,13147
2026-03-03,Google Ads,GOOGLE_ADS_CMP_02,Tier 2 (Mid intent),3,5,593.63,2343.0,833,46166,412,46166
2026-03-03,Google Ads,GOOGLE_ADS_CMP_02,Tier 3 (Broad),6,10,371.02,852.0,521,107035,163,107035
2026-03-03,Meta Ads,META_ADS_CMP_01,Tier 1 (High intent),1,2,240.28,1567.5,875,15510,714,15510
2026-03-03,Meta Ads,META_ADS_CMP_01,Tier 2 (Mid intent),3,5,320.38,855.0,786,47385,275,47385
2026-03-03,Meta Ads,META_ADS_CMP_01,Tier 3 (Broad),6,10,240.28,427.5,590,112756,153,112756
2026-03-03,Meta Ads,META_ADS_CMP_02,Tier 1 (High intent),1,2,244.96,1938.75,918,16420,680,16420
2026-03-03,Meta Ads,META_ADS_CMP_02,Tier 2 (Mid intent),3,5,326.61,1057.5,835,42134,269,42134
2026-03-03,Meta Ads,META_ADS_CMP_02,Tier 3 (Broad),6,10,244.96,528.75,626,123413,109,123413
2026-03-03,Netflix Ads,NETFLIX_ADS_CMP_01,Tier 1 (High intent),1,2,94.7,93.75,488,11172,274,11172
2026-03-03,Netflix Ads,NETFLIX_ADS_CMP_01,Tier 2 (Mid intent),3,5,284.09,131.25,546,37306,235,37306
2026-03-03,Netflix Ads,NETFLIX_ADS_CMP_01,Tier 3 (Broad),6,10,568.19,150.0,373,98445,124,98445
2026-03-03,Netflix Ads,NETFLIX_ADS_CMP_02,Tier 1 (High intent),1,2,100.45,37.5,3,86,3,86
2026-03-03,Netflix Ads,NETFLIX_ADS_CMP_02,Tier 2 (Mid intent),3,5,301.34,52.5,669,40973,276,40973
2026-03-03,Netflix Ads,NETFLIX_ADS_CMP_02,Tier 3 (Broad),6,10,602.69,60.0,420,109649,128,109649
2026-03-03,TikTok Ads,TIKTOK_ADS_CMP_01,Tier 1 (High intent),1,2,130.7,765.0,604,12942,408,12942
2026-03-03,TikTok Ads,TIKTOK_ADS_CMP_01,Tier 2 (Mid intent),3,5,304.98,892.5,657,37360,218,37360
2026-03-03,TikTok Ads,TIKTOK_ADS_CMP_01,Tier 3 (Broad),6,10,435.68,892.5,453,109911,61,109911
2026-03-03,TikTok Ads,TIKTOK_ADS_CMP_02,Tier 1 (High intent),1,2,76.9,360.0,626,12707,453,12707
2026-03-03,TikTok Ads,TIKTOK_ADS_CMP_02,Tier 2 (Mid intent),3,5,179.44,420.0,741,41475,157,41475
2026-03-03,TikTok Ads,TIKTOK_ADS_CMP_02,Tier 3 (Broad),6,10,256.35,420.0,513,131493,97,131493
2026-03-04,Google Ads,GOOGLE_ADS_CMP_01,Tier 1 (High intent),1,2,535.38,5407.5,774,13476,745,13476
2026-03-04,Google Ads,GOOGLE_ADS_CMP_01,Tier 2 (Mid intent),3,5,611.86,1699.5,928,43962,479,43962
2026-03-04,Google Ads,GOOGLE_ADS_CMP_01,Tier 3 (Broad),6,10,382.42,618.0,581,113830,190,113830
2026-03-04,Google Ads,GOOGLE_ADS_CMP_02,Tier 1 (High intent),1,2,446.14,6457.5,868,14473,835,14473
2026-03-04,Google Ads,GOOGLE_ADS_CMP_02,Tier 2 (Mid intent),3,5,509.88,2029.5,872,37972,429,37972
2026-03-04,Google Ads,GOOGLE_ADS_CMP_02,Tier 3 (Broad),6,10,318.68,738.0,585,107528,140,107528
2026-03-04,Meta Ads,META_ADS_CMP_01,Tier 1 (High intent),1,2,338.7,2722.5,821,14697,660,14697
2026-03-04,Meta Ads,META_ADS_CMP_01,Tier 2 (Mid intent),3,5,451.6,1485.0,835,42169,263,42169
2026-03-04,Meta Ads,META_ADS_CMP_01,Tier 3 (Broad),6,10,338.7,742.5,608,121399,128,121399
2026-03-04,Meta Ads,META_ADS_CMP_02,Tier 1 (High intent),1,2,241.65,2021.25,980,16365,751,16365
2026-03-04,Meta Ads,META_ADS_CMP_02,Tier 2 (Mid intent),3,5,322.2,1102.5,785,46793,270,46793
2026-03-04,Meta Ads,META_ADS_CMP_02,Tier 3 (Broad),6,10,241.65,551.25,497,108287,96,108287
2026-03-04,Netflix Ads,NETFLIX_ADS_CMP_01,Tier 1 (High intent),1,2,117.09,131.25,557,12496,264,12496
2026-03-04,Netflix Ads,NETFLIX_ADS_CMP_01,Tier 2 (Mid intent),3,5,351.26,183.75,672,37161,259,37161
2026-03-04,Netflix Ads,NETFLIX_ADS_CMP_01,Tier 3 (Broad),6,10,702.52,210.0,365,105090,123,105090
2026-03-04,Netflix Ads,NETFLIX_ADS_CMP_02,Tier 1 (High intent),1,2,95.61,93.75,5,84,2,84
2026-03-04,Netflix Ads,NETFLIX_ADS_CMP_02,Tier 2 (Mid intent),3,5,286.84,131.25,636,39321,261,39321
2026-03-04,Netflix Ads,NETFLIX_ADS_CMP_02,Tier 3 (Broad),6,10,573.68,150.0,360,101635,140,101635
2026-03-04,TikTok Ads,TIKTOK_ADS_CMP_01,Tier 1 (High intent),1,2,63.29,225.0,617,12989,448,12989
2026-03-04,TikTok Ads,TIKTOK_ADS_CMP_01,Tier 2 (Mid intent),3,5,147.68,262.5,742,40044,183,40044
2026-03-04,TikTok Ads,TIKTOK_ADS_CMP_01,Tier 3 (Broad),6,10,210.97,262.5,556,126503,123,126503
2026-03-04,TikTok Ads,TIKTOK_ADS_CMP_02,Tier 1 (High intent),1,2,123.27,765.0,633,11664,401,11664
2026-03-04,TikTok Ads,TIKTOK_ADS_CMP_02,Tier 2 (Mid intent),3,5,287.64,892.5,718,39514,176,39514
2026-03-04,TikTok Ads,TIKTOK_ADS_CMP_02,Tier 3 (Broad),6,10,410.91,892.5,398,112211,74,112211
2026-03-05,Google Ads,GOOGLE_ADS_CMP_01,Tier 1 (High intent),1,2,583.31,6457.5,819,14431,787,14431
2026-03-05,Google Ads,GOOGLE_ADS_CMP_01,Tier 2 (Mid intent),3,5,666.64,2029.5,896,40498,454,40498
2026-03-05,Google Ads,GOOGLE_ADS_CMP_01,Tier 3 (Broad),6,10,416.65,738.0,476,118894,178,118894
2026-03-05,Google Ads,GOOGLE_ADS_CMP_02,Tier 1 (High intent),1,2,354.24,4200.0,734,13286,734,13286
2026-03-05,Google Ads,GOOGLE_ADS_CMP_02,Tier 2 (Mid intent),3,5,404.84,1320.0,865,43193,491,43193
2026-03-05,Google Ads,GOOGLE_ADS_CMP_02,Tier 3 (Broad),6,10,253.03,480.0,529,104329,170,104329
2026-03-05,Meta Ads,META_ADS_CMP_01,Tier 1 (High intent),1,2,406.45,3341.25,856,15804,708,15804
2026-03-05,Meta Ads,META_ADS_CMP_01,Tier 2 (Mid intent),3,5,541.93,1822.5,1015,49262,314,49262
2026-03-05,Meta Ads,META_ADS_CMP_01,Tier 3 (Broad),6,10,406.45,911.25,647,120987,114,120987
2026-03-05,Meta Ads,META_ADS_CMP_02,Tier 1 (High intent),1,2,273.95,2310.0,826,14173,613,14173
2026-03-05,Meta Ads,META_ADS_CMP_02,Tier 2 (Mid intent),3,5,365.27,1260.0,797,41513,305,41513
2026-03-05,Meta Ads,META_ADS_CMP_02,Tier 3 (Broad),6,10,273.95,630.0,509,107125,89,107125
2026-03-05,Netflix Ads,NETFLIX_ADS_CMP_01,Tier 1 (High intent),1,2,119.6,37.5,484,11734,229,11734
2026-03-05,Netflix Ads,NETFLIX_ADS_CMP_01,Tier 2 (Mid intent),3,5,358.79,52.5,648,40618,259,40618
2026-03-05,Netflix Ads,NETFLIX_ADS_CMP_01,Tier 3 (Broad),6,10,717.57,60.0,435,113291,156,113291
2026-03-05,Netflix Ads,NETFLIX_ADS_CMP_02,Tier 1 (High intent),1,2,117.06,93.75,4,95,3,95
2026-03-05,Netflix Ads,NETFLIX_ADS_CMP_02,Tier 2 (Mid intent),3,5,351.17,131.25,495,34243,206,34243
2026-03-05,Netflix Ads,NETFLIX_ADS_CMP_02,Tier 3 (Broad),6,10,702.34,150.0,337,94857,84,94857
2026-03-05,TikTok Ads,TIKTOK_ADS_CMP_01,Tier 1 (High intent),1,2,114.66,450.0,577,12042,403,12042
2026-03-05,TikTok Ads,TIKTOK_ADS_CMP_01,Tier 2 (Mid intent),3,5,267.55,525.0,721,39482,196,39482
2026-03-05,TikTok Ads,TIKTOK_ADS_CMP_01,Tier 3 (Broad),6,10,382.21,525.0,557,131074,41,131074
2026-03-05,TikTok Ads,TIKTOK_ADS_CMP_02,Tier 1 (High intent),1,2,109.68,450.0,568,10928,394,10928
2026-03-05,TikTok Ads,TIKTOK_ADS_CMP_02,Tier 2 (Mid intent),3,5,255.93,525.0,657,37120,147,37120
2026-03-05,TikTok Ads,TIKTOK_ADS_CMP_02,Tier 3 (Broad),6,10,365.61,525.0,494,122554,46,122554
2026-03-06,Google Ads,GOOGLE_ADS_CMP_01,Tier 1 (High intent),1,2,362.61,4462.5,942,15233,925,15233
2026-03-06,Google Ads,GOOGLE_ADS_CMP_01,Tier 2 (Mid intent),3,5,414.41,1402.5,934,43355,522,43355
2026-03-06,Google Ads,GOOGLE_ADS_CMP_01,Tier 3 (Broad),6,10,259.0,510.0,555,108523,166,108523
2026-03-06,Google Ads,GOOGLE_ADS_CMP_02,Tier 1 (High intent),1,2,553.57,6457.5,868,14688,818,14688
2026-03-06,Google Ads,GOOGLE_ADS_CMP_02,Tier 2 (Mid intent),3,5,632.65,2029.5,790,42339,421,42339
2026-03-06,Google Ads,GOOGLE_ADS_CMP_02,Tier 3 (Broad),6,10,395.4,738.0,462,99210,144,99210
2026-03-06,Meta Ads,META_ADS_CMP_01,Tier 1 (High intent),1,2,358.45,2392.5,837,16073,620,16073
2026-03-06,Meta Ads,META_ADS_CMP_01,Tier 2 (Mid intent),3,5,477.94,1305.0,837,44872,284,44872
2026-03-06,Meta Ads,META_ADS_CMP_01,Tier 3 (Broad),6,10,358.45,652.5,573,115592,137,115592
2026-03-06,Meta Ads,META_ADS_CMP_02,Tier 1 (High intent),1,2,432.83,2598.75,804,13984,703,13984
2026-03-06,Meta Ads,META_ADS_CMP_02,Tier 2 (Mid intent),3,5,577.11,1417.5,827,46098,275,46098
2026-03-06,Meta Ads,META_ADS_CMP_02,Tier 3 (Broad),6,10,432.83,708.75,499,109159,103,109159
2026-03-06,Netflix Ads,NETFLIX_ADS_CMP_01,Tier 1 (High intent),1,2,95.47,75.0,505,11461,240,11461
2026-03-06,Netflix Ads,NETFLIX_ADS_CMP_01,Tier 2 (Mid intent),3,5,286.4,105.0,631,36840,260,36840
2026-03-06,Netflix Ads,NETFLIX_ADS_CMP_01,Tier 3 (Broad),6,10,572.81,120.0,420,96169,130,96169
2026-03-06,Netflix Ads,NETFLIX_ADS_CMP_02,Tier 1 (High intent),1,2,64.27,18.75,9,90,1,90
2026-03-06,Netflix Ads,NETFLIX_ADS_CMP_02,Tier 2 (Mid intent),3,5,192.81,26.25,685,39061,308,39061
2026-03-06,Netflix Ads,NETFLIX_ADS_CMP_02,Tier 3 (Broad),6,10,385.61,30.0,440,107965,120,107965
2026-03-06,TikTok Ads,TIKTOK_ADS_CMP_01,Tier 1 (High intent),1,2,81.19,517.5,511,10902,317,10902
2026-03-06,TikTok Ads,TIKTOK_ADS_CMP_01,Tier 2 (Mid intent),3,5,189.44,603.75,646,40636,144,40636
2026-03-06,TikTok Ads,TIKTOK_ADS_CMP_01,Tier 3 (Broad),6,10,270.62,603.75,432,111851,89,111851
2026-03-06,TikTok Ads,TIKTOK_ADS_CMP_02,Tier 1 (High intent),1,2,91.46,652.5,617,12359,394,12359
2026-03-06,TikTok Ads,TIKTOK_ADS_CMP_02,Tier 2 (Mid intent),3,5,213.4,761.25,700,38519,171,38519
2026-03-06,TikTok Ads,TIKTOK_ADS_CMP_02,Tier 3 (Broad),6,10,304.86,761.25,451,122255,54,122255
2026-03-07,Google Ads,GOOGLE_ADS_CMP_01,Tier 1 (High intent),1,2,394.75,3412.5,802,13624,718,13624
2026-03-07,Google Ads,GOOGLE_ADS_CMP_01,Tier 2 (Mid intent),3,5,451.15,1072.5,767,43141,463,43141
2026-03-07,Google Ads,GOOGLE_ADS_CMP_01,Tier 3 (Broad),6,10,281.97,390.0,573,119099,191,119099
2026-03-07,Google Ads,GOOGLE_ADS_CMP_02,Tier 1 (High intent),1,2,429.15,4147.5,985,14627,908,14627
2026-03-07,Google Ads,GOOGLE_ADS_CMP_02,Tier 2 (Mid intent),3,5,490.45,1303.5,786,38146,423,38146
2026-03-07,Google Ads,GOOGLE_ADS_CMP_02,Tier 3 (Broad),6,10,306.53,474.0,519,106318,166,106318
2026-03-07,Meta Ads,META_ADS_CMP_01,Tier 1 (High intent),1,2,309.76,2928.75,949,15563,697,15563
2026-03-07,Meta Ads,META_ADS_CMP_01,Tier 2 (Mid intent),3,5,413.01,1597.5,885,45112,317,45112
2026-03-07,Meta Ads,META_ADS_CMP_01,Tier 3 (Broad),6,10,309.76,798.75,594,116258,117,116258
2026-03-07,Meta Ads,META_ADS_CMP_02,Tier 1 (High intent),1,2,423.94,2475.0,680,13632,559,13632
2026-03-07,Meta Ads,META_ADS_CMP_02,Tier 2 (Mid intent),3,5,565.25,1350.0,828,43803,247,43803
2026-03-07,Meta Ads,META_ADS_CMP_02,Tier 3 (Broad),6,10,423.94,675.0,640,126241,152,126241
2026-03-07,Netflix Ads,NETFLIX_ADS_CMP_01,Tier 1 (High intent),1,2,82.26,37.5,470,11153,236,11153
2026-03-07,Netflix Ads,NETFLIX_ADS_CMP_01,Tier 2 (Mid intent),3,5,246.77,52.5,668,39136,278,39136
2026-03-07,Netflix Ads,NETFLIX_ADS_CMP_01,Tier 3 (Broad),6,10,493.54,60.0,401,113651,119,113651
2026-03-07,Netflix Ads,NETFLIX_ADS_CMP_02,Tier 1 (High intent),1,2,92.67,93.75,1,90,2,90
2026-03-07,Netflix Ads,NETFLIX_ADS_CMP_02,Tier 2 (Mid intent),3,5,278.01,131.25,713,41713,285,41713
2026-03-07,Netflix Ads,NETFLIX_ADS_CMP_02,Tier 3 (Broad),6,10,556.02,150.0,433,103654,120,103654
2026-03-07,TikTok Ads,TIKTOK_ADS_CMP_01,Tier 1 (High intent),1,2,114.7,990.0,723,12258,427,12258
2026-03-07,TikTok Ads,TIKTOK_ADS_CMP_01,Tier 2 (Mid intent),3,5,267.63,1155.0,718,39771,220,39771
2026-03-07,TikTok Ads,TIKTOK_ADS_CMP_01,Tier 3 (Broad),6,10,382.33,1155.0,462,126751,113,126751
2026-03-07,TikTok Ads,TIKTOK_ADS_CMP_02,Tier 1 (High intent),1,2,82.72,450.0,533,11468,352,11468
2026-03-07,TikTok Ads,TIKTOK_ADS_CMP_02,Tier 2 (Mid intent),3,5,193.01,525.0,890,41856,251,41856
2026-03-07,TikTok Ads,TIKTOK_ADS_CMP_02,Tier 3 (Broad),6,10,275.74,525.0,449,111443,41,111443
2026-03-08,Google Ads,GOOGLE_ADS_CMP_01,Tier 1 (High intent),1,2,639.63,9765.0,885,14119,821,14119
2026-03-08,Google Ads,GOOGLE_ADS_CMP_01,Tier 2 (Mid intent),3,5,731.0,3069.0,745,39328,461,39328
2026-03-08,Google Ads,GOOGLE_ADS_CMP_01,Tier 3 (Broad),6,10,456.88,1116.0,546,115906,140,115906
2026-03-08,Google Ads,GOOGLE_ADS_CMP_02,Tier 1 (High intent),1,2,593.11,8032.5,813,12843,750,12843
2026-03-08,Google Ads,GOOGLE_ADS_CMP_02,Tier 2 (Mid intent),3,5,677.84,2524.5,770,38591,404,38591
2026-03-08,Google Ads,GOOGLE_ADS_CMP_02,Tier 3 (Broad),6,10,423.65,918.0,659,117704,181,117704
2026-03-08,Meta Ads,META_ADS_CMP_01,Tier 1 (High intent),1,2,439.97,2887.5,872,16311,714,16311
2026-03-08,Meta Ads,META_ADS_CMP_01,Tier 2 (Mid intent),3,5,586.62,1575.0,874,44330,285,44330
2026-03-08,Meta Ads,META_ADS_CMP_01,Tier 3 (Broad),6,10,439.97,787.5,581,123696,111,123696
2026-03-08,Meta Ads,META_ADS_CMP_02,Tier 1 (High intent),1,2,261.53,3588.75,813,14708,637,14708
2026-03-08,Meta Ads,META_ADS_CMP_02,Tier 2 (Mid intent),3,5,348.7,1957.5,794,40945,287,40945
2026-03-08,Meta Ads,META_ADS_CMP_02,Tier 3 (Broad),6,10,261.53,978.75,539,120062,114,120062
2026-03-08,Netflix Ads,NETFLIX_ADS_CMP_01,Tier 1 (High intent),1,2,82.83,93.75,526,11852,239,11852
2026-03-08,Netflix Ads,NETFLIX_ADS_CMP_01,Tier 2 (Mid intent),3,5,248.49,131.25,711,41679,279,41679
2026-03-08,Netflix Ads,NETFLIX_ADS_CMP_01,Tier 3 (Broad),6,10,496.99,150.0,437,114923,159,114923
2026-03-08,Netflix Ads,NETFLIX_ADS_CMP_02,Tier 1 (High intent),1,2,61.51,37.5,4,93,4,93
2026-03-08,Netflix Ads,NETFLIX_ADS_CMP_02,Tier 2 (Mid intent),3,5,184.54,52.5,629,38361,234,38361
2026-03-08,Netflix Ads,NETFLIX_ADS_CMP_02,Tier 3 (Broad),6,10,369.07,60.0,381,98510,122,98510
2026-03-08,TikTok Ads,TIKTOK_ADS_CMP_01,Tier 1 (High intent),1,2,74.64,202.5,516,10872,325,10872
2026-03-08,TikTok Ads,TIKTOK_ADS_CMP_01,Tier 2 (Mid intent),3,5,174.17,236.25,785,43236,188,43236
2026-03-08,TikTok Ads,TIKTOK_ADS_CMP_01,Tier 3 (Broad),6,10,248.81,236.25,474,126751,76,126751
2026-03-08,TikTok Ads,TIKTOK_ADS_CMP_02,Tier 1 (High intent),1,2,112.59,1012.5,613,12769,384,12769
2026-03-08,TikTok Ads,TIKTOK_ADS_CMP_02,Tier 2 (Mid intent),3,5,262.7,1181.25,737,37792,138,37792
2026-03-08,TikTok Ads,TIKTOK_ADS_CMP_02,Tier 3 (Broad),6,10,375.29,1181.25,413,119715,82,119715
2026-03-09,Google Ads,GOOGLE_ADS_CMP_01,Tier 1 (High intent),1,2,405.04,4147.5,799,14347,739,14347
2026-03-09,Google Ads,GOOGLE_ADS_CMP_01,Tier 2 (Mid intent),3,5,462.91,1303.5,819,39955,440,39955
2026-03-09,Google Ads,GOOGLE_ADS_CMP_01,Tier 3 (Broad),6,10,289.32,474.0,500,104963,136,104963
2026-03-09,Google Ads,GOOGLE_ADS_CMP_02,Tier 1 (High intent),1,2,628.84,6930.0,741,14482,714,14482
2026-03-09,Google Ads,GOOGLE_ADS_CMP_02,Tier 2 (Mid intent),3,5,718.67,2178.0,785,43160,448,43160
2026-03-09,Google Ads,GOOGLE_ADS_CMP_02,Tier 3 (Broad),6,10,449.17,792.0,553,116815,171,116815
2026-03-09,Meta Ads,META_ADS_CMP_01,Tier 1 (High intent),1,2,354.75,3258.75,763,15378,657,15378
2026-03-09,Meta Ads,META_ADS_CMP_01,Tier 2 (Mid intent),3,5,473.0,1777.5,889,41550,266,41550
2026-03-09,Meta Ads,META_ADS_CMP_01,Tier 3 (Broad),6,10,354.75,888.75,597,117593,121,117593
2026-03-09,Meta Ads,META_ADS_CMP_02,Tier 1 (High intent),1,2,408.0,2433.75,876,14663,677,14663
2026-03-09,Meta Ads,META_ADS_CMP_02,Tier 2 (Mid intent),3,5,544.0,1327.5,809,46338,280,46338
2026-03-09,Meta Ads,META_ADS_CMP_02,Tier 3 (Broad),6,10,408.0,663.75,589,107359,133,107359
2026-03-09,Netflix Ads,NETFLIX_ADS_CMP_01,Tier 1 (High intent),1,2,64.1,75.0,618,12465,295,12465
2026-03-09,Netflix Ads,NETFLIX_ADS_CMP_01,Tier 2 (Mid intent),3,5,192.3,105.0,577,35259,227,35259
2026-03-09,Netflix Ads,NETFLIX_ADS_CMP_01,Tier 3 (Broad),6,10,384.61,120.0,375,95459,100,95459
2026-03-09,Netflix Ads,NETFLIX_ADS_CMP_02,Tier 1 (High intent),1,2,79.95,75.0,3,93,1,93
2026-03-09,Netflix Ads,NETFLIX_ADS_CMP_02,Tier 2 (Mid intent),3,5,239.84,105.0,561,36895,241,36895
2026-03-09,Netflix Ads,NETFLIX_ADS_CMP_02,Tier 3 (Broad),6,10,479.68,120.0,420,113910,145,113910
2026-03-09,TikTok Ads,TIKTOK_ADS_CMP_01,Tier 1 (High intent),1,2,127.96,585.0,537,11403,367,11403
2026-03-09,TikTok Ads,TIKTOK_ADS_CMP_01,Tier 2 (Mid intent),3,5,298.56,682.5,645,36363,142,36363
2026-03-09,TikTok Ads,TIKTOK_ADS_CMP_01,Tier 3 (Broad),6,10,426.52,682.5,490,129206,44,129206
2026-03-09,TikTok Ads,TIKTOK_ADS_CMP_02,Tier 1 (High intent),1,2,86.47,450.0,659,12151,433,12151
2026-03-09,TikTok Ads,TIKTOK_ADS_CMP_02,Tier 2 (Mid intent),3,5,201.77,525.0,703,38951,189,38951
2026-03-09,TikTok Ads,TIKTOK_ADS_CMP_02,Tier 3 (Broad),6,10,288.24,525.0,502,121654,40,121654
2026-03-10,Google Ads,GOOGLE_ADS_CMP_01,Tier 1 (High intent),1,2,373.62,4357.5,772,13752,740,13752
2026-03-10,Google Ads,GOOGLE_ADS_CMP_01,Tier 2 (Mid intent),3,5,427.0,1369.5,955,43604,518,43604
2026-03-10,Google Ads,GOOGLE_ADS_CMP_01,Tier 3 (Broad),6,10,266.88,498.0,593,112546,157,112546
2026-03-10,Google Ads,GOOGLE_ADS_CMP_02,Tier 1 (High intent),1,2,491.26,7350.0,764,13292,736,13292
2026-03-10,Google Ads,GOOGLE_ADS_CMP_02,Tier 2 (Mid intent),3,5,561.44,2310.0,726,39442,444,39442
2026-03-10,Google Ads,GOOGLE_ADS_CMP_02,Tier 3 (Broad),6,10,350.9,840.0,528,105361,186,105361
2026-03-10,Meta Ads,META_ADS_CMP_01,Tier 1 (High intent),1,2,381.01,2516.25,816,14898,680,14898
2026-03-10,Meta Ads,META_ADS_CMP_01,Tier 2 (Mid intent),3,5,508.02,1372.5,952,47880,331,47880
2026-03-10,Meta Ads,META_ADS_CMP_01,Tier 3 (Broad),6,10,381.01,686.25,624,118166,153,118166
2026-03-10,Meta Ads,META_ADS_CMP_02,Tier 1 (High intent),1,2,261.29,1361.25,798,14450,664,14450
2026-03-10,Meta Ads,META_ADS_CMP_02,Tier 2 (Mid intent),3,5,348.38,742.5,893,48374,282,48374
2026-03-10,Meta Ads,META_ADS_CMP_02,Tier 3 (Broad),6,10,261.29,371.25,560,106359,120,106359
2026-03-10,Netflix Ads,NETFLIX_ADS_CMP_01,Tier 1 (High intent),1,2,64.54,56.25,477,10859,256,10859
2026-03-10,Netflix Ads,NETFLIX_ADS_CMP_01,Tier 2 (Mid intent),3,5,193.6,78.75,637,40081,218,40081
2026-03-10,Netflix Ads,NETFLIX_ADS_CMP_01,Tier 3 (Broad),6,10,387.21,90.0,405,103379,126,103379
2026-03-10,Netflix Ads,NETFLIX_ADS_CMP_02,Tier 1 (High intent),1,2,97.42,93.75,4,93,0,93
2026-03-10,Netflix Ads,NETFLIX_ADS_CMP_02,Tier 2 (Mid intent),3,5,292.26,131.25,670,40236,242,40236
2026-03-10,Netflix Ads,NETFLIX_ADS_CMP_02,Tier 3 (Broad),6,10,584.51,150.0,415,110863,128,110863
2026-03-10,TikTok Ads,TIKTOK_ADS_CMP_01,Tier 1 (High intent),1,2,89.82,337.5,653,12433,393,12433
2026-03-10,TikTok Ads,TIKTOK_ADS_CMP_01,Tier 2 (Mid intent),3,5,209.58,393.75,775,42535,169,42535
2026-03-10,TikTok Ads,TIKTOK_ADS_CMP_01,Tier 3 (Broad),6,10,299.4,393.75,450,110689,76,110689
2026-03-10,TikTok Ads,TIKTOK_ADS_CMP_02,Tier 1 (High intent),1,2,81.56,472.5,599,12274,373,12274
2026-03-10,TikTok Ads,TIKTOK_ADS_CMP_02,Tier 2 (Mid intent),3,5,190.31,551.25,799,43678,191,43678
2026-03-10,TikTok Ads,TIKTOK_ADS_CMP_02,Tier 3 (Broad),6,10,271.87,551.25,501,122034,100,122034
2026-03-11,Google Ads,GOOGLE_ADS_CMP_01,Tier 1 (High intent),1,2,404.19,5145.0,736,12889,649,12889
2026-03-11,Google Ads,GOOGLE_ADS_CMP_01,Tier 2 (Mid intent),3,5,461.93,1617.0,930,42938,489,42938
2026-03-11,Google Ads,GOOGLE_ADS_CMP_01,Tier 3 (Broad),6,10,288.71,588.0,564,111833,175,111833
2026-03-11,Google Ads,GOOGLE_ADS_CMP_02,Tier 1 (High intent),1,2,588.04,7192.5,870,14771,846,14771
2026-03-11,Google Ads,GOOGLE_ADS_CMP_02,Tier 2 (Mid intent),3,5,672.04,2260.5,832,42040,453,42040
2026-03-11,Google Ads,GOOGLE_ADS_CMP_02,Tier 3 (Broad),6,10,420.03,822.0,597,116774,158,116774
2026-03-11,Meta Ads,META_ADS_CMP_01,Tier 1 (High intent),1,2,292.69,2928.75,969,16372,794,16372
2026-03-11,Meta Ads,META_ADS_CMP_01,Tier 2 (Mid intent),3,5,390.25,1597.5,758,41393,276,41393
2026-03-11,Meta Ads,META_ADS_CMP_01,Tier 3 (Broad),6,10,292.69,798.75,661,125766,98,125766
2026-03-11,Meta Ads,META_ADS_CMP_02,Tier 1 (High intent),1,2,296.93,2640.0,815,13507,647,13507
2026-03-11,Meta Ads,META_ADS_CMP_02,Tier 2 (Mid intent),3,5,395.91,1440.0,1036,49064,335,49064
2026-03-11,Meta Ads,META_ADS_CMP_02,Tier 3 (Broad),6,10,296.93,720.0,521,104249,102,104249
2026-03-11,Netflix Ads,NETFLIX_ADS_CMP_01,Tier 1 (High intent),1,2,114.87,75.0,451,11376,259,11376
2026-03-11,Netflix Ads,NETFLIX_ADS_CMP_01,Tier 2 (Mid intent),3,5,344.62,105.0,557,35348,180,35348
2026-03-11,Netflix Ads,NETFLIX_ADS_CMP_01,Tier 3 (Broad),6,10,689.24,120.0,404,108401,120,108401
2026-03-11,Netflix Ads,NETFLIX_ADS_CMP_02,Tier 1 (High intent),1,2,60.54,131.25,4,99,3,99
2026-03-11,Netflix Ads,NETFLIX_ADS_CMP_02,Tier 2 (Mid intent),3,5,181.63,183.75,574,35914,233,35914
2026-03-11,Netflix Ads,NETFLIX_ADS_CMP_02,Tier 3 (Broad),6,10,363.26,210.0,410,108368,122,108368
2026-03-11,TikTok Ads,TIKTOK_ADS_CMP_01,Tier 1 (High intent),1,2,93.77,585.0,538,11667,356,11667
2026-03-11,TikTok Ads,TIKTOK_ADS_CMP_01,Tier 2 (Mid intent),3,5,218.8,682.5,796,40729,181,40729
2026-03-11,TikTok Ads,TIKTOK_ADS_CMP_01,Tier 3 (Broad),6,10,312.56,682.5,448,120587,61,120587
2026-03-11,TikTok Ads,TIKTOK_ADS_CMP_02,Tier 1 (High intent),1,2,110.43,562.5,607,12458,370,12458
2026-03-11,TikTok Ads,TIKTOK_ADS_CMP_02,Tier 2 (Mid intent),3,5,257.68,656.25,667,36256,122,36256
2026-03-11,TikTok Ads,TIKTOK_ADS_CMP_02,Tier 3 (Broad),6,10,368.12,656.25,440,122491,58,122491
2026-03-12,Google Ads,GOOGLE_ADS_CMP_01,Tier 1 (High intent),1,2,606.46,9345.0,764,13390,792,13390
2026-03-12,Google Ads,GOOGLE_ADS_CMP_01,Tier 2 (Mid intent),3,5,693.09,2937.0,914,43672,471,43672
2026-03-12,Google Ads,GOOGLE_ADS_CMP_01,Tier 3 (Broad),6,10,433.18,1068.0,474,99285,162,99285
2026-03-12,Google Ads,GOOGLE_ADS_CMP_02,Tier 1 (High intent),1,2,643.47,9187.5,691,12786,676,12786
2026-03-12,Google Ads,GOOGLE_ADS_CMP_02,Tier 2 (Mid intent),3,5,735.4,2887.5,801,39345,411,39345
2026-03-12,Google Ads,GOOGLE_ADS_CMP_02,Tier 3 (Broad),6,10,459.62,1050.0,581,115440,178,115440
2026-03-12,Meta Ads,META_ADS_CMP_01,Tier 1 (High intent),1,2,389.95,3135.0,815,15833,620,15833
2026-03-12,Meta Ads,META_ADS_CMP_01,Tier 2 (Mid intent),3,5,519.94,1710.0,984,47567,301,47567
2026-03-12,Meta Ads,META_ADS_CMP_01,Tier 3 (Broad),6,10,389.95,855.0,607,112575,129,112575
2026-03-12,Meta Ads,META_ADS_CMP_02,Tier 1 (High intent),1,2,285.02,1526.25,808,15544,662,15544
2026-03-12,Meta Ads,META_ADS_CMP_02,Tier 2 (Mid intent),3,5,380.03,832.5,788,44369,299,44369
2026-03-12,Meta Ads,META_ADS_CMP_02,Tier 3 (Broad),6,10,285.02,416.25,575,112591,133,112591
2026-03-12,Netflix Ads,NETFLIX_ADS_CMP_01,Tier 1 (High intent),1,2,76.13,93.75,511,10972,285,10972
2026-03-12,Netflix Ads,NETFLIX_ADS_CMP_01,Tier 2 (Mid intent),3,5,228.39,131.25,575,37766,225,37766
2026-03-12,Netflix Ads,NETFLIX_ADS_CMP_01,Tier 3 (Broad),6,10,456.79,150.0,360,101518,120,101518
2026-03-12,Netflix Ads,NETFLIX_ADS_CMP_02,Tier 1 (High intent),1,2,87.26,75.0,3,89,3,89
2026-03-12,Netflix Ads,NETFLIX_ADS_CMP_02,Tier 2 (Mid intent),3,5,261.78,105.0,640,37909,231,37909
2026-03-12,Netflix Ads,NETFLIX_ADS_CMP_02,Tier 3 (Broad),6,10,523.57,120.0,395,98168,110,98168
2026-03-12,TikTok Ads,TIKTOK_ADS_CMP_01,Tier 1 (High intent),1,2,75.02,652.5,559,11017,315,11017
2026-03-12,TikTok Ads,TIKTOK_ADS_CMP_01,Tier 2 (Mid intent),3,5,175.05,761.25,724,40586,192,40586
2026-03-12,TikTok Ads,TIKTOK_ADS_CMP_01,Tier 3 (Broad),6,10,250.07,761.25,472,112245,62,112245
2026-03-12,TikTok Ads,TIKTOK_ADS_CMP_02,Tier 1 (High intent),1,2,65.13,405.0,579,12964,356,12964
2026-03-12,TikTok Ads,TIKTOK_ADS_CMP_02,Tier 2 (Mid intent),3,5,151.98,472.5,812,43732,150,43732
2026-03-12,TikTok Ads,TIKTOK_ADS_CMP_02,Tier 3 (Broad),6,10,217.12,472.5,457,121509,70,121509
2026-03-13,Google Ads,GOOGLE_ADS_CMP_01,Tier 1 (High intent),1,2,369.66,4777.5,916,15087,895,15087
2026-03-13,Google Ads,GOOGLE_ADS_CMP_01,Tier 2 (Mid intent),3,5,422.47,1501.5,886,42884,510,42884
2026-03-13,Google Ads,GOOGLE_ADS_CMP_01,Tier 3 (Broad),6,10,264.05,546.0,598,118815,178,118815
2026-03-13,Google Ads,GOOGLE_ADS_CMP_02,Tier 1 (High intent),1,2,493.38,5932.5,826,14640,847,14640
2026-03-13,Google Ads,GOOGLE_ADS_CMP_02,Tier 2 (Mid intent),3,5,563.87,1864.5,860,44994,481,44994
2026-03-13,Google Ads,GOOGLE_ADS_CMP_02,Tier 3 (Broad),6,10,352.42,678.0,517,101777,148,101777
2026-03-13,Meta Ads,META_ADS_CMP_01,Tier 1 (High intent),1,2,332.93,2557.5,824,14678,709,14678
2026-03-13,Meta Ads,META_ADS_CMP_01,Tier 2 (Mid intent),3,5,443.91,1395.0,802,43538,287,43538
2026-03-13,Meta Ads,META_ADS_CMP_01,Tier 3 (Broad),6,10,332.93,697.5,511,110480,115,110480
2026-03-13,Meta Ads,META_ADS_CMP_02,Tier 1 (High intent),1,2,301.4,1980.0,879,15610,684,15610
2026-03-13,Meta Ads,META_ADS_CMP_02,Tier 2 (Mid intent),3,5,401.87,1080.0,915,45963,314,45963
2026-03-13,Meta Ads,META_ADS_CMP_02,Tier 3 (Broad),6,10,301.4,540.0,453,103729,117,103729
2026-03-13,Netflix Ads,NETFLIX_ADS_CMP_01,Tier 1 (High intent),1,2,90.9,37.5,568,12714,296,12714
2026-03-13,Netflix Ads,NETFLIX_ADS_CMP_01,Tier 2 (Mid intent),3,5,272.7,52.5,576,34246,199,34246
2026-03-13,Netflix Ads,NETFLIX_ADS_CMP_01,Tier 3 (Broad),6,10,545.4,60.0,455,105698,133,105698
2026-03-13,Netflix Ads,NETFLIX_ADS_CMP_02,Tier 1 (High intent),1,2,107.36,112.5,4,93,1,93
2026-03-13,Netflix Ads,NETFLIX_ADS_CMP_02,Tier 2 (Mid intent),3,5,322.07,157.5,670,40266,252,40266
2026-03-13,Netflix Ads,NETFLIX_ADS_CMP_02,Tier 3 (Broad),6,10,644.15,180.0,418,99360,130,99360
2026-03-13,TikTok Ads,TIKTOK_ADS_CMP_01,Tier 1 (High intent),1,2,65.29,315.0,591,12369,436,12369
2026-03-13,TikTok Ads,TIKTOK_ADS_CMP_01,Tier 2 (Mid intent),3,5,152.34,367.5,792,43571,203,43571
2026-03-13,TikTok Ads,TIKTOK_ADS_CMP_01,Tier 3 (Broad),6,10,217.62,367.5,459,115739,47,115739
2026-03-13,TikTok Ads,TIKTOK_ADS_CMP_02,Tier 1 (High intent),1,2,111.39,495.0,638,12208,444,12208
2026-03-13,TikTok Ads,TIKTOK_ADS_CMP_02,Tier 2 (Mid intent),3,5,259.9,577.5,651,37289,182,37289
2026-03-13,TikTok Ads,TIKTOK_ADS_CMP_02,Tier 3 (Broad),6,10,371.29,577.5,523,124475,83,124475
2026-03-14,Google Ads,GOOGLE_ADS_CMP_01,Tier 1 (High intent),1,2,586.93,7770.0,903,15400,788,15400
2026-03-14,Google Ads,GOOGLE_ADS_CMP_01,Tier 2 (Mid intent),3,5,670.78,2442.0,915,42843,460,42843
2026-03-14,Google Ads,GOOGLE_ADS_CMP_01,Tier 3 (Broad),6,10,419.24,888.0,532,107455,171,107455
2026-03-14,Google Ads,GOOGLE_ADS_CMP_02,Tier 1 (High intent),1,2,563.69,6352.5,827,14562,794,14562
2026-03-14,Google Ads,GOOGLE_ADS_CMP_02,Tier 2 (Mid intent),3,5,644.22,1996.5,795,44101,463,44101
2026-03-14,Google Ads,GOOGLE_ADS_CMP_02,Tier 3 (Broad),6,10,402.64,726.0,598,109554,185,109554
2026-03-14,Meta Ads,META_ADS_CMP_01,Tier 1 (High intent),1,2,314.43,2557.5,933,16066,715,16066
2026-03-14,Meta Ads,META_ADS_CMP_01,Tier 2 (Mid intent),3,5,419.24,1395.0,760,40648,277,40648
2026-03-14,Meta Ads,META_ADS_CMP_01,Tier 3 (Broad),6,10,314.43,697.5,611,107847,105,107847
2026-03-14,Meta Ads,META_ADS_CMP_02,Tier 1 (High intent),1,2,322.47,3506.25,728,14584,596,14584
2026-03-14,Meta Ads,META_ADS_CMP_02,Tier 2 (Mid intent),3,5,429.96,1912.5,838,42841,283,42841
2026-03-14,Meta Ads,META_ADS_CMP_02,Tier 3 (Broad),6,10,322.47,956.25,561,118436,125,118436
2026-03-14,Netflix Ads,NETFLIX_ADS_CMP_01,Tier 1 (High intent),1,2,91.15,56.25,458,10896,198,10896
2026-03-14,Netflix Ads,NETFLIX_ADS_CMP_01,Tier 2 (Mid intent),3,5,273.46,78.75,561,36549,277,36549
2026-03-14,Netflix Ads,NETFLIX_ADS_CMP_01,Tier 3 (Broad),6,10,546.92,90.0,436,110951,130,110951
2026-03-14,Netflix Ads,NETFLIX_ADS_CMP_02,Tier 1 (High intent),1,2,74.05,187.5,6,90,2,90
2026-03-14,Netflix Ads,NETFLIX_ADS_CMP_02,Tier 2 (Mid intent),3,5,222.16,262.5,616,36930,303,36930
2026-03-14,Netflix Ads,NETFLIX_ADS_CMP_02,Tier 3 (Broad),6,10,444.31,300.0,453,101070,129,101070
2026-03-14,TikTok Ads,TIKTOK_ADS_CMP_01,Tier 1 (High intent),1,2,77.22,607.5,615,11937,415,11937
2026-03-14,TikTok Ads,TIKTOK_ADS_CMP_01,Tier 2 (Mid intent),3,5,180.18,708.75,815,43838,220,43838
2026-03-14,TikTok Ads,TIKTOK_ADS_CMP_01,Tier 3 (Broad),6,10,257.4,708.75,450,129650,47,129650
2026-03-14,TikTok Ads,TIKTOK_ADS_CMP_02,Tier 1 (High intent),1,2,61.43,180.0,556,11107,370,11107
2026-03-14,TikTok Ads,TIKTOK_ADS_CMP_02,Tier 2 (Mid intent),3,5,143.35,210.0,803,42482,247,42482
2026-03-14,TikTok Ads,TIKTOK_ADS_CMP_02,Tier 3 (Broad),6,10,204.78,210.0,516,112652,58,112652
2026-03-15,Google Ads,GOOGLE_ADS_CMP_01,Tier 1 (High intent),1,2,561.97,5985.0,963,15357,950,15357
2026-03-15,Google Ads,GOOGLE_ADS_CMP_01,Tier 2 (Mid intent),3,5,642.26,1881.0,907,44793,471,44793
2026-03-15,Google Ads,GOOGLE_ADS_CMP_01,Tier 3 (Broad),6,10,401.41,684.0,552,110520,139,110520
2026-03-15,Google Ads,GOOGLE_ADS_CMP_02,Tier 1 (High intent),1,2,422.19,5302.5,850,14907,851,14907
2026-03-15,Google Ads,GOOGLE_ADS_CMP_02,Tier 2 (Mid intent),3,5,482.5,1666.5,821,38815,508,38815
2026-03-15,Google Ads,GOOGLE_ADS_CMP_02,Tier 3 (Broad),6,10,301.56,606.0,598,117967,181,117967
2026-03-15,Meta Ads,META_ADS_CMP_01,Tier 1 (High intent),1,2,353.59,3382.5,901,15660,722,15660
2026-03-15,Meta Ads,META_ADS_CMP_01,Tier 2 (Mid intent),3,5,471.45,1845.0,826,46918,322,46918
2026-03-15,Meta Ads,META_ADS_CMP_01,Tier 3 (Broad),6,10,353.59,922.5,576,114253,103,114253
2026-03-15,Meta Ads,META_ADS_CMP_02,Tier 1 (High intent),1,2,326.51,2846.25,786,14646,651,14646
2026-03-15,Meta Ads,META_ADS_CMP_02,Tier 2 (Mid intent),3,5,435.35,1552.5,894,48043,342,48043
2026-03-15,Meta Ads,META_ADS_CMP_02,Tier 3 (Broad),6,10,326.51,776.25,677,125410,131,125410
2026-03-15,Netflix Ads,NETFLIX_ADS_CMP_01,Tier 1 (High intent),1,2,110.6,37.5,540,12480,266,12480
2026-03-15,Netflix Ads,NETFLIX_ADS_CMP_01,Tier 2 (Mid intent),3,5,331.8,52.5,680,40374,247,40374
2026-03-15,Netflix Ads,NETFLIX_ADS_CMP_01,Tier 3 (Broad),6,10,663.6,60.0,427,107374,154,107374
2026-03-15,Netflix Ads,NETFLIX_ADS_CMP_02,Tier 1 (High intent),1,2,71.01,75.0,3,97,2,97
2026-03-15,Netflix Ads,NETFLIX_ADS_CMP_02,Tier 2 (Mid intent),3,5,213.02,105.0,563,36111,238,36111
2026-03-15,Netflix Ads,NETFLIX_ADS_CMP_02,Tier 3 (Broad),6,10,426.04,120.0,378,100573,118,100573
2026-03-15,TikTok Ads,TIKTOK_ADS_CMP_01,Tier 1 (High intent),1,2,91.45,405.0,575,13152,383,13152
2026-03-15,TikTok Ads,TIKTOK_ADS_CMP_01,Tier 2 (Mid intent),3,5,213.37,472.5,672,40945,168,40945
2026-03-15,TikTok Ads,TIKTOK_ADS_CMP_01,Tier 3 (Broad),6,10,304.82,472.5,460,119457,89,119457
2026-03-15,TikTok Ads,TIKTOK_ADS_CMP_02,Tier 1 (High intent),1,2,111.65,967.5,562,11584,373,11584
2026-03-15,TikTok Ads,TIKTOK_ADS_CMP_02,Tier 2 (Mid intent),3,5,260.51,1128.75,680,38436,155,38436
2026-03-15,TikTok Ads,TIKTOK_ADS_CMP_02,Tier 3 (Broad),6,10,372.16,1128.75,484,124961,115,124961
2026-03-16,Google Ads,GOOGLE_ADS_CMP_01,Tier 1 (High intent),1,2,501.71,5197.5,754,12795,768,12795
2026-03-16,Google Ads,GOOGLE_ADS_CMP_01,Tier 2 (Mid intent),3,5,573.39,1633.5,846,41272,440,41272
2026-03-16,Google Ads,GOOGLE_ADS_CMP_01,Tier 3 (Broad),6,10,358.37,594.0,607,109567,146,109567
2026-03-16,Google Ads,GOOGLE_ADS_CMP_02,Tier 1 (High intent),1,2,374.05,3255.0,775,13565,745,13565
2026-03-16,Google Ads,GOOGLE_ADS_CMP_02,Tier 2 (Mid intent),3,5,427.48,1023.0,763,43777,374,43777
2026-03-16,Google Ads,GOOGLE_ADS_CMP_02,Tier 3 (Broad),6,10,267.18,372.0,544,106662,168,106662
2026-03-16,Meta Ads,META_ADS_CMP_01,Tier 1 (High intent),1,2,429.37,3465.0,850,14506,607,14506
2026-03-16,Meta Ads,META_ADS_CMP_01,Tier 2 (Mid intent),3,5,572.5,1890.0,953,48576,363,48576
2026-03-16,Meta Ads,META_ADS_CMP_01,Tier 3 (Broad),6,10,429.37,945.0,550,107104,144,107104
2026-03-16,Meta Ads,META_ADS_CMP_02,Tier 1 (High intent),1,2,253.98,1732.5,743,14080,562,14080
2026-03-16,Meta Ads,META_ADS_CMP_02,Tier 2 (Mid intent),3,5,338.64,945.0,968,48286,290,48286
2026-03-16,Meta Ads,META_ADS_CMP_02,Tier 3 (Broad),6,10,253.98,472.5,637,120047,137,120047
2026-03-16,Netflix Ads,NETFLIX_ADS_CMP_01,Tier 1 (High intent),1,2,106.92,150.0,637,13078,299,13078
2026-03-16,Netflix Ads,NETFLIX_ADS_CMP_01,Tier 2 (Mid intent),3,5,320.75,210.0,609,36996,216,36996
2026-03-16,Netflix Ads,NETFLIX_ADS_CMP_01,Tier 3 (Broad),6,10,641.51,240.0,425,101470,124,101470
2026-03-16,Netflix Ads,NETFLIX_ADS_CMP_02,Tier 1 (High intent),1,2,100.27,168.75,5,91,2,91
2026-03-16,Netflix Ads,NETFLIX_ADS_CMP_02,Tier 2 (Mid intent),3,5,300.81,236.25,648,41381,242,41381
2026-03-16,Netflix Ads,NETFLIX_ADS_CMP_02,Tier 3 (Broad),6,10,601.61,270.0,403,96512,108,96512
2026-03-16,TikTok Ads,TIKTOK_ADS_CMP_01,Tier 1 (High intent),1,2,113.16,877.5,601,11960,426,11960
2026-03-16,TikTok Ads,TIKTOK_ADS_CMP_01,Tier 2 (Mid intent),3,5,264.03,1023.75,641,38030,131,38030
2026-03-16,TikTok Ads,TIKTOK_ADS_CMP_01,Tier 3 (Broad),6,10,377.19,1023.75,469,131631,44,131631
2026-03-16,TikTok Ads,TIKTOK_ADS_CMP_02,Tier 1 (High intent),1,2,117.96,585.0,594,11385,399,11385
2026-03-16,TikTok Ads,TIKTOK_ADS_CMP_02,Tier 2 (Mid intent),3,5,275.24,682.5,803,41113,152,41113
2026-03-16,TikTok Ads,TIKTOK_ADS_CMP_02,Tier 3 (Broad),6,10,393.2,682.5,451,131346,72,131346
2026-03-17,Google Ads,GOOGLE_ADS_CMP_01,Tier 1 (High intent),1,2,515.87,6457.5,866,14708,839,14708
2026-03-17,Google Ads,GOOGLE_ADS_CMP_01,Tier 2 (Mid intent),3,5,589.57,2029.5,881,41247,461,41247
2026-03-17,Google Ads,GOOGLE_ADS_CMP_01,Tier 3 (Broad),6,10,368.48,738.0,503,107958,169,107958
2026-03-17,Google Ads,GOOGLE_ADS_CMP_02,Tier 1 (High intent),1,2,434.52,4462.5,892,14727,855,14727
2026-03-17,Google Ads,GOOGLE_ADS_CMP_02,Tier 2 (Mid intent),3,5,496.6,1402.5,902,43160,450,43160
2026-03-17,Google Ads,GOOGLE_ADS_CMP_02,Tier 3 (Broad),6,10,310.38,510.0,548,116525,185,116525
2026-03-17,Meta Ads,META_ADS_CMP_01,Tier 1 (High intent),1,2,426.99,3423.75,687,13556,550,13556
2026-03-17,Meta Ads,META_ADS_CMP_01,Tier 2 (Mid intent),3,5,569.32,1867.5,951,49365,317,49365
2026-03-17,Meta Ads,META_ADS_CMP_01,Tier 3 (Broad),6,10,426.99,933.75,544,104661,86,104661
2026-03-17,Meta Ads,META_ADS_CMP_02,Tier 1 (High intent),1,2,377.37,3258.75,907,15027,731,15027
2026-03-17,Meta Ads,META_ADS_CMP_02,Tier 2 (Mid intent),3,5,503.16,1777.5,896,45602,297,45602
2026-03-17,Meta Ads,META_ADS_CMP_02,Tier 3 (Broad),6,10,377.37,888.75,542,110636,129,110636
2026-03-17,Netflix Ads,NETFLIX_ADS_CMP_01,Tier 1 (High intent),1,2,116.34,112.5,538,11696,267,11696
2026-03-17,Netflix Ads,NETFLIX_ADS_CMP_01,Tier 2 (Mid intent),3,5,349.03,157.5,647,39363,276,39363
2026-03-17,Netflix Ads,NETFLIX_ADS_CMP_01,Tier 3 (Broad),6,10,698.06,180.0,396,94780,131,94780
2026-03-17,Netflix Ads,NETFLIX_ADS_CMP_02,Tier 1 (High intent),1,2,101.68,75.0,8,98,5,98
2026-03-17,Netflix Ads,NETFLIX_ADS_CMP_02,Tier 2 (Mid intent),3,5,305.03,105.0,557,34870,202,34870
2026-03-17,Netflix Ads,NETFLIX_ADS_CMP_02,Tier 3 (Broad),6,10,610.07,120.0,410,101589,126,101589
2026-03-17,TikTok Ads,TIKTOK_ADS_CMP_01,Tier 1 (High intent),1,2,74.09,360.0,609,11290,397,11290
2026-03-17,TikTok Ads,TIKTOK_ADS_CMP_01,Tier 2 (Mid intent),3,5,172.89,420.0,667,37266,165,37266
2026-03-17,TikTok Ads,TIKTOK_ADS_CMP_01,Tier 3 (Broad),6,10,246.98,420.0,545,124765,64,124765
2026-03-17,TikTok Ads,TIKTOK_ADS_CMP_02,Tier 1 (High intent),1,2,109.46,652.5,709,13196,430,13196
2026-03-17,TikTok Ads,TIKTOK_ADS_CMP_02,Tier 2 (Mid intent),3,5,255.42,761.25,748,39364,142,39364
2026-03-17,TikTok Ads,TIKTOK_ADS_CMP_02,Tier 3 (Broad),6,10,364.88,761.25,509,129187,41,129187
2026-03-18,Google Ads,GOOGLE_ADS_CMP_01,Tier 1 (High intent),1,2,361.79,4672.5,970,15006,868,15006
2026-03-18,Google Ads,GOOGLE_ADS_CMP_01,Tier 2 (Mid intent),3,5,413.47,1468.5,817,37950,456,37950
2026-03-18,Google Ads,GOOGLE_ADS_CMP_01,Tier 3 (Broad),6,10,258.42,534.0,582,114861,166,114861
2026-03-18,Google Ads,GOOGLE_ADS_CMP_02,Tier 1 (High intent),1,2,583.4,7665.0,916,14655,911,14655
2026-03-18,Google Ads,GOOGLE_ADS_CMP_02,Tier 2 (Mid intent),3,5,666.74,2409.0,695,38901,402,38901
2026-03-18,Google Ads,GOOGLE_ADS_CMP_02,Tier 3 (Broad),6,10,416.71,876.0,564,103289,156,103289
2026-03-18,Meta Ads,META_ADS_CMP_01,Tier 1 (High intent),1,2,411.14,3547.5,704,13835,553,13835
2026-03-18,Meta Ads,META_ADS_CMP_01,Tier 2 (Mid intent),3,5,548.18,1935.0,947,48333,325,48333
2026-03-18,Meta Ads,META_ADS_CMP_01,Tier 3 (Broad),6,10,411.14,967.5,511,113266,120,113266
2026-03-18,Meta Ads,META_ADS_CMP_02,Tier 1 (High intent),1,2,386.78,1567.5,843,14565,645,14565
2026-03-18,Meta Ads,META_ADS_CMP_02,Tier 2 (Mid intent),3,5,515.7,855.0,794,46751,294,46751
2026-03-18,Meta Ads,META_ADS_CMP_02,Tier 3 (Broad),6,10,386.78,427.5,521,105762,102,105762
2026-03-18,Netflix Ads,NETFLIX_ADS_CMP_01,Tier 1 (High intent),1,2,74.49,56.25,650,13046,303,13046
2026-03-18,Netflix Ads,NETFLIX_ADS_CMP_01,Tier 2 (Mid intent),3,5,223.47,78.75,572,38204,243,38204
2026-03-18,Netflix Ads,NETFLIX_ADS_CMP_01,Tier 3 (Broad),6,10,446.94,90.0,444,106493,141,106493
2026-03-18,Netflix Ads,NETFLIX_ADS_CMP_02,Tier 1 (High intent),1,2,81.63,131.25,3,85,3,85
2026-03-18,Netflix Ads,NETFLIX_ADS_CMP_02,Tier 2 (Mid intent),3,5,244.88,183.75,634,38287,250,38287
2026-03-18,Netflix Ads,NETFLIX_ADS_CMP_02,Tier 3 (Broad),6,10,489.76,210.0,485,111917,154,111917
2026-03-18,TikTok Ads,TIKTOK_ADS_CMP_01,Tier 1 (High intent),1,2,127.57,742.5,527,11453,398,11453
2026-03-18,TikTok Ads,TIKTOK_ADS_CMP_01,Tier 2 (Mid intent),3,5,297.67,866.25,801,40299,218,40299
2026-03-18,TikTok Ads,TIKTOK_ADS_CMP_01,Tier 3 (Broad),6,10,425.24,866.25,454,109604,69,109604
2026-03-18,TikTok Ads,TIKTOK_ADS_CMP_02,Tier 1 (High intent),1,2,67.12,517.5,579,11262,361,11262
2026-03-18,TikTok Ads,TIKTOK_ADS_CMP_02,Tier 2 (Mid intent),3,5,156.61,603.75,621,36188,151,36188
2026-03-18,TikTok Ads,TIKTOK_ADS_CMP_02,Tier 3 (Broad),6,10,223.73,603.75,450,116643,77,116643
2026-03-19,Google Ads,GOOGLE_ADS_CMP_01,Tier 1 (High intent),1,2,553.33,7350.0,812,13121,801,13121
2026-03-19,Google Ads,GOOGLE_ADS_CMP_01,Tier 2 (Mid intent),3,5,632.38,2310.0,814,41860,473,41860
2026-03-19,Google Ads,GOOGLE_ADS_CMP_01,Tier 3 (Broad),6,10,395.24,840.0,542,114073,214,114073
2026-03-19,Google Ads,GOOGLE_ADS_CMP_02,Tier 1 (High intent),1,2,558.9,5197.5,957,15329,845,15329
2026-03-19,Google Ads,GOOGLE_ADS_CMP_02,Tier 2 (Mid intent),3,5,638.74,1633.5,884,45109,501,45109
2026-03-19,Google Ads,GOOGLE_ADS_CMP_02,Tier 3 (Broad),6,10,399.21,594.0,533,109295,163,109295
2026-03-19,Meta Ads,META_ADS_CMP_01,Tier 1 (High intent),1,2,288.72,2640.0,871,15148,679,15148
2026-03-19,Meta Ads,META_ADS_CMP_01,Tier 2 (Mid intent),3,5,384.96,1440.0,993,48598,322,48598
2026-03-19,Meta Ads,META_ADS_CMP_01,Tier 3 (Broad),6,10,288.72,720.0,620,126025,127,126025
2026-03-19,Meta Ads,META_ADS_CMP_02,Tier 1 (High intent),1,2,370.1,4083.75,656,13545,559,13545
2026-03-19,Meta Ads,META_ADS_CMP_02,Tier 2 (Mid intent),3,5,493.47,2227.5,926,46250,296,46250
2026-03-19,Meta Ads,META_ADS_CMP_02,Tier 3 (Broad),6,10,370.1,1113.75,558,113699,122,113699
2026-03-19,Netflix Ads,NETFLIX_ADS_CMP_01,Tier 1 (High intent),1,2,116.5,75.0,535,12004,229,12004
2026-03-19,Netflix Ads,NETFLIX_ADS_CMP_01,Tier 2 (Mid intent),3,5,349.51,105.0,619,39305,233,39305
2026-03-19,Netflix Ads,NETFLIX_ADS_CMP_01,Tier 3 (Broad),6,10,699.01,120.0,435,109364,142,109364
2026-03-19,Netflix Ads,NETFLIX_ADS_CMP_02,Tier 1 (High intent),1,2,98.92,75.0,5,88,1,88
2026-03-19,Netflix Ads,NETFLIX_ADS_CMP_02,Tier 2 (Mid intent),3,5,296.75,105.0,576,35431,238,35431
2026-03-19,Netflix Ads,NETFLIX_ADS_CMP_02,Tier 3 (Broad),6,10,593.51,120.0,394,102327,129,102327
2026-03-19,TikTok Ads,TIKTOK_ADS_CMP_01,Tier 1 (High intent),1,2,133.58,1057.5,675,13191,487,13191
2026-03-19,TikTok Ads,TIKTOK_ADS_CMP_01,Tier 2 (Mid intent),3,5,311.7,1233.75,686,40185,166,40185
2026-03-19,TikTok Ads,TIKTOK_ADS_CMP_01,Tier 3 (Broad),6,10,445.28,1233.75,493,119431,90,119431
2026-03-19,TikTok Ads,TIKTOK_ADS_CMP_02,Tier 1 (High intent),1,2,64.0,450.0,550,12198,383,12198
2026-03-19,TikTok Ads,TIKTOK_ADS_CMP_02,Tier 2 (Mid intent),3,5,149.33,525.0,770,40708,166,40708
2026-03-19,TikTok Ads,TIKTOK_ADS_CMP_02,Tier 3 (Broad),6,10,213.34,525.0,489,113783,62,113783
2026-03-20,Google Ads,GOOGLE_ADS_CMP_01,Tier 1 (High intent),1,2,686.32,10867.5,794,12802,766,12802
2026-03-20,Google Ads,GOOGLE_ADS_CMP_01,Tier 2 (Mid intent),3,5,784.37,3415.5,816,40275,423,40275
2026-03-20,Google Ads,GOOGLE_ADS_CMP_01,Tier 3 (Broad),6,10,490.23,1242.0,501,108809,172,108809
2026-03-20,Google Ads,GOOGLE_ADS_CMP_02,Tier 1 (High intent),1,2,550.41,6930.0,808,13363,761,13363
2026-03-20,Google Ads,GOOGLE_ADS_CMP_02,Tier 2 (Mid intent),3,5,629.04,2178.0,924,42863,547,42863
2026-03-20,Google Ads,GOOGLE_ADS_CMP_02,Tier 3 (Broad),6,10,393.15,792.0,559,115044,155,115044
2026-03-20,Meta Ads,META_ADS_CMP_01,Tier 1 (High intent),1,2,277.66,2516.25,728,14020,565,14020
2026-03-20,Meta Ads,META_ADS_CMP_01,Tier 2 (Mid intent),3,5,370.22,1372.5,931,47309,296,47309
2026-03-20,Meta Ads,META_ADS_CMP_01,Tier 3 (Broad),6,10,277.66,686.25,493,108763,140,108763
2026-03-20,Meta Ads,META_ADS_CMP_02,Tier 1 (High intent),1,2,275.64,2763.75,796,15096,613,15096
2026-03-20,Meta Ads,META_ADS_CMP_02,Tier 2 (Mid intent),3,5,367.52,1507.5,945,45737,291,45737
2026-03-20,Meta Ads,META_ADS_CMP_02,Tier 3 (Broad),6,10,275.64,753.75,644,123644,117,123644
2026-03-20,Netflix Ads,NETFLIX_ADS_CMP_01,Tier 1 (High intent),1,2,71.8,93.75,515,10846,269,10846
2026-03-20,Netflix Ads,NETFLIX_ADS_CMP_01,Tier 2 (Mid intent),3,5,215.4,131.25,540,36379,221,36379
2026-03-20,Netflix Ads,NETFLIX_ADS_CMP_01,Tier 3 (Broad),6,10,430.79,150.0,438,111823,136,111823
2026-03-20,Netflix Ads,NETFLIX_ADS_CMP_02,Tier 1 (High intent),1,2,61.8,93.75,5,91,3,91
2026-03-20,Netflix Ads,NETFLIX_ADS_CMP_02,Tier 2 (Mid intent),3,5,185.41,131.25,520,34446,195,34446
2026-03-20,Netflix Ads,NETFLIX_ADS_CMP_02,Tier 3 (Broad),6,10,370.81,150.0,463,103611,133,103611
2026-03-20,TikTok Ads,TIKTOK_ADS_CMP_01,Tier 1 (High intent),1,2,86.62,405.0,677,12451,394,12451
2026-03-20,TikTok Ads,TIKTOK_ADS_CMP_01,Tier 2 (Mid intent),3,5,202.11,472.5,693,39328,177,39328
2026-03-20,TikTok Ads,TIKTOK_ADS_CMP_01,Tier 3 (Broad),6,10,288.73,472.5,370,109725,55,109725
2026-03-20,TikTok Ads,TIKTOK_ADS_CMP_02,Tier 1 (High intent),1,2,126.22,652.5,566,11257,383,11257
2026-03-20,TikTok Ads,TIKTOK_ADS_CMP_02,Tier 2 (Mid intent),3,5,294.51,761.25,642,37952,175,37952
2026-03-20,TikTok Ads,TIKTOK_ADS_CMP_02,Tier 3 (Broad),6,10,420.73,761.25,416,110776,54,110776
2026-03-21,Google Ads,GOOGLE_ADS_CMP_01,Tier 1 (High intent),1,2,430.28,4357.5,945,14762,869,14762
2026-03-21,Google Ads,GOOGLE_ADS_CMP_01,Tier 2 (Mid intent),3,5,491.75,1369.5,952,45748,477,45748
2026-03-21,Google Ads,GOOGLE_ADS_CMP_01,Tier 3 (Broad),6,10,307.34,498.0,526,105459,156,105459
2026-03-21,Google Ads,GOOGLE_ADS_CMP_02,Tier 1 (High intent),1,2,401.55,5197.5,752,12731,715,12731
2026-03-21,Google Ads,GOOGLE_ADS_CMP_02,Tier 2 (Mid intent),3,5,458.91,1633.5,825,44258,533,44258
2026-03-21,Google Ads,GOOGLE_ADS_CMP_02,Tier 3 (Broad),6,10,286.82,594.0,430,99294,115,99294
2026-03-21,Meta Ads,META_ADS_CMP_01,Tier 1 (High intent),1,2,417.95,2640.0,973,15643,777,15643
2026-03-21,Meta Ads,META_ADS_CMP_01,Tier 2 (Mid intent),3,5,557.27,1440.0,952,47845,281,47845
2026-03-21,Meta Ads,META_ADS_CMP_01,Tier 3 (Broad),6,10,417.95,720.0,529,104888,85,104888
2026-03-21,Meta Ads,META_ADS_CMP_02,Tier 1 (High intent),1,2,411.56,2475.0,832,15499,701,15499
2026-03-21,Meta Ads,META_ADS_CMP_02,Tier 2 (Mid intent),3,5,548.75,1350.0,838,42653,294,42653
2026-03-21,Meta Ads,META_ADS_CMP_02,Tier 3 (Broad),6,10,411.56,675.0,608,125063,182,125063
2026-03-21,Netflix Ads,NETFLIX_ADS_CMP_01,Tier 1 (High intent),1,2,68.81,93.75,542,12104,281,12104
2026-03-21,Netflix Ads,NETFLIX_ADS_CMP_01,Tier 2 (Mid intent),3,5,206.44,131.25,630,35207,266,35207
2026-03-21,Netflix Ads,NETFLIX_ADS_CMP_01,Tier 3 (Broad),6,10,412.89,150.0,395,107603,124,107603
2026-03-21,Netflix Ads,NETFLIX_ADS_CMP_02,Tier 1 (High intent),1,2,89.07,37.5,7,99,1,99
2026-03-21,Netflix Ads,NETFLIX_ADS_CMP_02,Tier 2 (Mid intent),3,5,267.22,52.5,631,36728,237,36728
2026-03-21,Netflix Ads,NETFLIX_ADS_CMP_02,Tier 3 (Broad),6,10,534.43,60.0,439,113825,139,113825
2026-03-21,TikTok Ads,TIKTOK_ADS_CMP_01,Tier 1 (High intent),1,2,84.47,292.5,607,11200,400,11200
2026-03-21,TikTok Ads,TIKTOK_ADS_CMP_01,Tier 2 (Mid intent),3,5,197.1,341.25,673,40509,216,40509
2026-03-21,TikTok Ads,TIKTOK_ADS_CMP_01,Tier 3 (Broad),6,10,281.56,341.25,478,120027,51,120027
2026-03-21,TikTok Ads,TIKTOK_ADS_CMP_02,Tier 1 (High intent),1,2,86.65,450.0,595,12064,398,12064
2026-03-21,TikTok Ads,TIKTOK_ADS_CMP_02,Tier 2 (Mid intent),3,5,202.18,525.0,734,40746,134,40746
2026-03-21,TikTok Ads,TIKTOK_ADS_CMP_02,Tier 3 (Broad),6,10,288.83,525.0,475,131366,76,131366
2026-03-22,Google Ads,GOOGLE_ADS_CMP_01,Tier 1 (High intent),1,2,369.94,2992.5,797,14199,747,14199
2026-03-22,Google Ads,GOOGLE_ADS_CMP_01,Tier 2 (Mid intent),3,5,422.79,940.5,988,45151,504,45151
2026-03-22,Google Ads,GOOGLE_ADS_CMP_01,Tier 3 (Broad),6,10,264.25,342.0,483,103042,165,103042
2026-03-22,Google Ads,GOOGLE_ADS_CMP_02,Tier 1 (High intent),1,2,583.52,7822.5,766,12932,693,12932
2026-03-22,Google Ads,GOOGLE_ADS_CMP_02,Tier 2 (Mid intent),3,5,666.88,2458.5,886,44818,438,44818
2026-03-22,Google Ads,GOOGLE_ADS_CMP_02,Tier 3 (Broad),6,10,416.8,894.0,535,111406,159,111406
2026-03-22,Meta Ads,META_ADS_CMP_01,Tier 1 (High intent),1,2,361.95,2227.5,783,13999,622,13999
2026-03-22,Meta Ads,META_ADS_CMP_01,Tier 2 (Mid intent),3,5,482.6,1215.0,839,45162,295,45162
2026-03-22,Meta Ads,META_ADS_CMP_01,Tier 3 (Broad),6,10,361.95,607.5,526,125229,101,125229
2026-03-22,Meta Ads,META_ADS_CMP_02,Tier 1 (High intent),1,2,342.44,2062.5,773,13888,665,13888
2026-03-22,Meta Ads,META_ADS_CMP_02,Tier 2 (Mid intent),3,5,456.59,1125.0,798,41623,261,41623
2026-03-22,Meta Ads,META_ADS_CMP_02,Tier 3 (Broad),6,10,342.44,562.5,525,110573,103,110573
2026-03-22,Netflix Ads,NETFLIX_ADS_CMP_01,Tier 1 (High intent),1,2,84.41,18.75,556,12794,272,12794
2026-03-22,Netflix Ads,NETFLIX_ADS_CMP_01,Tier 2 (Mid intent),3,5,253.22,26.25,596,36804,211,36804
2026-03-22,Netflix Ads,NETFLIX_ADS_CMP_01,Tier 3 (Broad),6,10,506.45,30.0,418,108380,128,108380
2026-03-22,Netflix Ads,NETFLIX_ADS_CMP_02,Tier 1 (High intent),1,2,71.79,187.5,3,89,2,89
2026-03-22,Netflix Ads,NETFLIX_ADS_CMP_02,Tier 2 (Mid intent),3,5,215.35,262.5,716,37037,258,37037
2026-03-22,Netflix Ads,NETFLIX_ADS_CMP_02,Tier 3 (Broad),6,10,430.71,300.0,440,111112,154,111112
2026-03-22,TikTok Ads,TIKTOK_ADS_CMP_01,Tier 1 (High intent),1,2,123.01,472.5,575,11546,291,11546
2026-03-22,TikTok Ads,TIKTOK_ADS_CMP_01,Tier 2 (Mid intent),3,5,287.02,551.25,724,41917,177,41917
2026-03-22,TikTok Ads,TIKTOK_ADS_CMP_01,Tier 3 (Broad),6,10,410.02,551.25,525,128112,82,128112
2026-03-22,TikTok Ads,TIKTOK_ADS_CMP_02,Tier 1 (High intent),1,2,96.94,652.5,606,11297,370,11297
2026-03-22,TikTok Ads,TIKTOK_ADS_CMP_02,Tier 2 (Mid intent),3,5,226.2,761.25,622,38400,152,38400
2026-03-22,TikTok Ads,TIKTOK_ADS_CMP_02,Tier 3 (Broad),6,10,323.14,761.25,469,112996,57,112996
2026-03-23,Google Ads,GOOGLE_ADS_CMP_01,Tier 1 (High intent),1,2,639.0,8295.0,774,13376,737,13376
2026-03-23,Google Ads,GOOGLE_ADS_CMP_01,Tier 2 (Mid intent),3,5,730.28,2607.0,767,40445,439,40445
2026-03-23,Google Ads,GOOGLE_ADS_CMP_01,Tier 3 (Broad),6,10,456.43,948.0,464,101830,148,101830
2026-03-23,Google Ads,GOOGLE_ADS_CMP_02,Tier 1 (High intent),1,2,400.05,5040.0,884,13243,754,13243
2026-03-23,Google Ads,GOOGLE_ADS_CMP_02,Tier 2 (Mid intent),3,5,457.2,1584.0,918,44606,507,44606
2026-03-23,Google Ads,GOOGLE_ADS_CMP_02,Tier 3 (Broad),6,10,285.75,576.0,476,107743,141,107743
2026-03-23,Meta Ads,META_ADS_CMP_01,Tier 1 (High intent),1,2,288.26,1732.5,888,16294,730,16294
2026-03-23,Meta Ads,META_ADS_CMP_01,Tier 2 (Mid intent),3,5,384.35,945.0,886,47988,342,47988
2026-03-23,Meta Ads,META_ADS_CMP_01,Tier 3 (Broad),6,10,288.26,472.5,551,113306,128,113306
2026-03-23,Meta Ads,META_ADS_CMP_02,Tier 1 (High intent),1,2,359.88,2021.25,794,13655,604,13655
2026-03-23,Meta Ads,META_ADS_CMP_02,Tier 2 (Mid intent),3,5,479.84,1102.5,852,46451,278,46451
2026-03-23,Meta Ads,META_ADS_CMP_02,Tier 3 (Broad),6,10,359.88,551.25,623,116618,101,116618
2026-03-23,Netflix Ads,NETFLIX_ADS_CMP_01,Tier 1 (High intent),1,2,60.04,75.0,587,12519,323,12519
2026-03-23,Netflix Ads,NETFLIX_ADS_CMP_01,Tier 2 (Mid intent),3,5,180.12,105.0,656,41415,253,41415
2026-03-23,Netflix Ads,NETFLIX_ADS_CMP_01,Tier 3 (Broad),6,10,360.23,120.0,388,96127,128,96127
2026-03-23,Netflix Ads,NETFLIX_ADS_CMP_02,Tier 1 (High intent),1,2,69.12,18.75,3,92,2,92
2026-03-23,Netflix Ads,NETFLIX_ADS_CMP_02,Tier 2 (Mid intent),3,5,207.37,26.25,588,39123,230,39123
2026-03-23,Netflix Ads,NETFLIX_ADS_CMP_02,Tier 3 (Broad),6,10,414.74,30.0,495,105397,151,105397
2026-03-23,TikTok Ads,TIKTOK_ADS_CMP_01,Tier 1 (High intent),1,2,101.76,652.5,566,11694,373,11694
2026-03-23,TikTok Ads,TIKTOK_ADS_CMP_01,Tier 2 (Mid intent),3,5,237.44,761.25,755,43310,228,43310
2026-03-23,TikTok Ads,TIKTOK_ADS_CMP_01,Tier 3 (Broad),6,10,339.19,761.25,490,109409,61,109409
2026-03-23,TikTok Ads,TIKTOK_ADS_CMP_02,Tier 1 (High intent),1,2,76.54,427.5,502,11228,386,11228
2026-03-23,TikTok Ads,TIKTOK_ADS_CMP_02,Tier 2 (Mid intent),3,5,178.59,498.75,774,42344,202,42344
2026-03-23,TikTok Ads,TIKTOK_ADS_CMP_02,Tier 3 (Broad),6,10,255.12,498.75,575,122406,70,122406
2026-03-24,Google Ads,GOOGLE_ADS_CMP_01,Tier 1 (High intent),1,2,558.92,7087.5,889,14743,845,14743
2026-03-24,Google Ads,GOOGLE_ADS_CMP_01,Tier 2 (Mid intent),3,5,638.76,2227.5,740,37851,445,37851
2026-03-24,Google Ads,GOOGLE_ADS_CMP_01,Tier 3 (Broad),6,10,399.23,810.0,501,100215,176,100215
2026-03-24,Google Ads,GOOGLE_ADS_CMP_02,Tier 1 (High intent),1,2,421.56,3990.0,847,14069,817,14069
2026-03-24,Google Ads,GOOGLE_ADS_CMP_02,Tier 2 (Mid intent),3,5,481.78,1254.0,803,37904,473,37904
2026-03-24,Google Ads,GOOGLE_ADS_CMP_02,Tier 3 (Broad),6,10,301.11,456.0,541,106472,187,106472
2026-03-24,Meta Ads,META_ADS_CMP_01,Tier 1 (High intent),1,2,433.36,2557.5,844,15810,670,15810
2026-03-24,Meta Ads,META_ADS_CMP_01,Tier 2 (Mid intent),3,5,577.81,1395.0,972,48311,333,48311
2026-03-24,Meta Ads,META_ADS_CMP_01,Tier 3 (Broad),6,10,433.36,697.5,552,116804,74,116804
2026-03-24,Meta Ads,META_ADS_CMP_02,Tier 1 (High intent),1,2,337.92,2433.75,928,14996,739,14996
2026-03-24,Meta Ads,META_ADS_CMP_02,Tier 2 (Mid intent),3,5,450.56,1327.5,799,44504,280,44504
2026-03-24,Meta Ads,META_ADS_CMP_02,Tier 3 (Broad),6,10,337.92,663.75,575,124433,99,124433
2026-03-24,Netflix Ads,NETFLIX_ADS_CMP_01,Tier 1 (High intent),1,2,74.25,75.0,545,12445,244,12445
2026-03-24,Netflix Ads,NETFLIX_ADS_CMP_01,Tier 2 (Mid intent),3,5,222.75,105.0,516,35584,200,35584
2026-03-24,Netflix Ads,NETFLIX_ADS_CMP_01,Tier 3 (Broad),6,10,445.49,120.0,445,103897,156,103897
2026-03-24,Netflix Ads,NETFLIX_ADS_CMP_02,Tier 1 (High intent),1,2,82.79,112.5,1,83,4,83
2026-03-24,Netflix Ads,NETFLIX_ADS_CMP_02,Tier 2 (Mid intent),3,5,248.35,157.5,669,38582,259,38582
2026-03-24,Netflix Ads,NETFLIX_ADS_CMP_02,Tier 3 (Broad),6,10,496.71,180.0,383,95053,114,95053
2026-03-24,TikTok Ads,TIKTOK_ADS_CMP_01,Tier 1 (High intent),1,2,98.24,450.0,636,12001,395,12001
2026-03-24,TikTok Ads,TIKTOK_ADS_CMP_01,Tier 2 (Mid intent),3,5,229.23,525.0,691,37156,171,37156
2026-03-24,TikTok Ads,TIKTOK_ADS_CMP_01,Tier 3 (Broad),6,10,327.46,525.0,438,129636,84,129636
2026-03-24,TikTok Ads,TIKTOK_ADS_CMP_02,Tier 1 (High intent),1,2,92.86,495.0,584,12437,376,12437
2026-03-24,TikTok Ads,TIKTOK_ADS_CMP_02,Tier 2 (Mid intent),3,5,216.68,577.5,803,42395,225,42395
2026-03-24,TikTok Ads,TIKTOK_ADS_CMP_02,Tier 3 (Broad),6,10,309.55,577.5,453,119201,79,119201
2026-03-25,Google Ads,GOOGLE_ADS_CMP_01,Tier 1 (High intent),1,2,470.78,6195.0,695,12997,682,12997
2026-03-25,Google Ads,GOOGLE_ADS_CMP_01,Tier 2 (Mid intent),3,5,538.03,1947.0,918,43264,491,43264
2026-03-25,Google Ads,GOOGLE_ADS_CMP_01,Tier 3 (Broad),6,10,336.27,708.0,482,100753,139,100753
2026-03-25,Google Ads,GOOGLE_ADS_CMP_02,Tier 1 (High intent),1,2,587.47,7665.0,777,13254,762,13254
2026-03-25,Google Ads,GOOGLE_ADS_CMP_02,Tier 2 (Mid intent),3,5,671.4,2409.0,883,42979,485,42979
2026-03-25,Google Ads,GOOGLE_ADS_CMP_02,Tier 3 (Broad),6,10,419.62,876.0,594,115176,161,115176
2026-03-25,Meta Ads,META_ADS_CMP_01,Tier 1 (High intent),1,2,402.28,2598.75,925,16103,721,16103
2026-03-25,Meta Ads,META_ADS_CMP_01,Tier 2 (Mid intent),3,5,536.38,1417.5,856,45290,300,45290
2026-03-25,Meta Ads,META_ADS_CMP_01,Tier 3 (Broad),6,10,402.28,708.75,575,108688,129,108688
2026-03-25,Meta Ads,META_ADS_CMP_02,Tier 1 (High intent),1,2,321.34,2887.5,858,14476,657,14476
2026-03-25,Meta Ads,META_ADS_CMP_02,Tier 2 (Mid intent),3,5,428.45,1575.0,896,44895,285,44895
2026-03-25,Meta Ads,META_ADS_CMP_02,Tier 3 (Broad),6,10,321.34,787.5,628,117984,113,117984
2026-03-25,Netflix Ads,NETFLIX_ADS_CMP_01,Tier 1 (High intent),1,2,80.4,75.0,536,11900,252,11900
2026-03-25,Netflix Ads,NETFLIX_ADS_CMP_01,Tier 2 (Mid intent),3,5,241.19,105.0,675,41153,240,41153
2026-03-25,Netflix Ads,NETFLIX_ADS_CMP_01,Tier 3 (Broad),6,10,482.39,120.0,413,100027,116,100027
2026-03-25,Netflix Ads,NETFLIX_ADS_CMP_02,Tier 1 (High intent),1,2,110.07,131.25,1,94,4,94
2026-03-25,Netflix Ads,NETFLIX_ADS_CMP_02,Tier 2 (Mid intent),3,5,330.22,183.75,678,40113,291,40113
2026-03-25,Netflix Ads,NETFLIX_ADS_CMP_02,Tier 3 (Broad),6,10,660.44,210.0,378,95220,120,95220
2026-03-25,TikTok Ads,TIKTOK_ADS_CMP_01,Tier 1 (High intent),1,2,115.43,427.5,581,12192,390,12192
2026-03-25,TikTok Ads,TIKTOK_ADS_CMP_01,Tier 2 (Mid intent),3,5,269.34,498.75,686,37640,130,37640
2026-03-25,TikTok Ads,TIKTOK_ADS_CMP_01,Tier 3 (Broad),6,10,384.76,498.75,501,121634,55,121634
2026-03-25,TikTok Ads,TIKTOK_ADS_CMP_02,Tier 1 (High intent),1,2,113.7,1035.0,549,11521,340,11521
2026-03-25,TikTok Ads,TIKTOK_ADS_CMP_02,Tier 2 (Mid intent),3,5,265.31,1207.5,730,38619,193,38619
2026-03-25,TikTok Ads,TIKTOK_ADS_CMP_02,Tier 3 (Broad),6,10,379.01,1207.5,423,119515,41,119515
2026-03-26,Google Ads,GOOGLE_ADS_CMP_01,Tier 1 (High intent),1,2,613.85,8610.0,1033,15201,979,15201
2026-03-26,Google Ads,GOOGLE_ADS_CMP_01,Tier 2 (Mid intent),3,5,701.55,2706.0,738,39010,386,39010
2026-03-26,Google Ads,GOOGLE_ADS_CMP_01,Tier 3 (Broad),6,10,438.47,984.0,620,119546,162,119546
2026-03-26,Google Ads,GOOGLE_ADS_CMP_02,Tier 1 (High intent),1,2,369.46,5145.0,793,12728,718,12728
2026-03-26,Google Ads,GOOGLE_ADS_CMP_02,Tier 2 (Mid intent),3,5,422.24,1617.0,929,45655,507,45655
2026-03-26,Google Ads,GOOGLE_ADS_CMP_02,Tier 3 (Broad),6,10,263.9,588.0,547,113015,122,113015
2026-03-26,Meta Ads,META_ADS_CMP_01,Tier 1 (High intent),1,2,274.19,1856.25,940,16330,770,16330
2026-03-26,Meta Ads,META_ADS_CMP_01,Tier 2 (Mid intent),3,5,365.58,1012.5,807,42299,269,42299
2026-03-26,Meta Ads,META_ADS_CMP_01,Tier 3 (Broad),6,10,274.19,506.25,549,114095,135,114095
2026-03-26,Meta Ads,META_ADS_CMP_02,Tier 1 (High intent),1,2,345.32,1815.0,889,16048,769,16048
2026-03-26,Meta Ads,META_ADS_CMP_02,Tier 2 (Mid intent),3,5,460.42,990.0,907,45351,302,45351
2026-03-26,Meta Ads,META_ADS_CMP_02,Tier 3 (Broad),6,10,345.32,495.0,597,119488,150,119488
2026-03-26,Netflix Ads,NETFLIX_ADS_CMP_01,Tier 1 (High intent),1,2,67.19,112.5,581,12552,307,12552
2026-03-26,Netflix Ads,NETFLIX_ADS_CMP_01,Tier 2 (Mid intent),3,5,201.58,157.5,627,38313,245,38313
2026-03-26,Netflix Ads,NETFLIX_ADS_CMP_01,Tier 3 (Broad),6,10,403.16,180.0,421,95495,118,95495
2026-03-26,Netflix Ads,NETFLIX_ADS_CMP_02,Tier 1 (High intent),1,2,78.0,93.75,5,97,3,97
2026-03-26,Netflix Ads,NETFLIX_ADS_CMP_02,Tier 2 (Mid intent),3,5,233.99,131.25,623,41661,239,41661
2026-03-26,Netflix Ads,NETFLIX_ADS_CMP_02,Tier 3 (Broad),6,10,467.98,150.0,399,106944,109,106944
2026-03-26,TikTok Ads,TIKTOK_ADS_CMP_01,Tier 1 (High intent),1,2,127.17,787.5,577,11573,388,11573
2026-03-26,TikTok Ads,TIKTOK_ADS_CMP_01,Tier 2 (Mid intent),3,5,296.72,918.75,701,36974,191,36974
2026-03-26,TikTok Ads,TIKTOK_ADS_CMP_01,Tier 3 (Broad),6,10,423.89,918.75,458,119507,76,119507
2026-03-26,TikTok Ads,TIKTOK_ADS_CMP_02,Tier 1 (High intent),1,2,74.3,270.0,588,11204,395,11204
2026-03-26,TikTok Ads,TIKTOK_ADS_CMP_02,Tier 2 (Mid intent),3,5,173.35,315.0,632,36882,156,36882
2026-03-26,TikTok Ads,TIKTOK_ADS_CMP_02,Tier 3 (Broad),6,10,247.65,315.0,513,127537,66,127537
2026-03-27,Google Ads,GOOGLE_ADS_CMP_01,Tier 1 (High intent),1,2,489.83,6562.5,878,14100,868,14100
2026-03-27,Google Ads,GOOGLE_ADS_CMP_01,Tier 2 (Mid intent),3,5,559.81,2062.5,747,40035,477,40035
2026-03-27,Google Ads,GOOGLE_ADS_CMP_01,Tier 3 (Broad),6,10,349.88,750.0,524,113998,122,113998
2026-03-27,Google Ads,GOOGLE_ADS_CMP_02,Tier 1 (High intent),1,2,512.39,7455.0,783,15193,805,15193
2026-03-27,Google Ads,GOOGLE_ADS_CMP_02,Tier 2 (Mid intent),3,5,585.59,2343.0,800,38364,401,38364
2026-03-27,Google Ads,GOOGLE_ADS_CMP_02,Tier 3 (Broad),6,10,366.0,852.0,537,100760,163,100760
2026-03-27,Meta Ads,META_ADS_CMP_01,Tier 1 (High intent),1,2,354.81,2805.0,755,15842,641,15842
2026-03-27,Meta Ads,META_ADS_CMP_01,Tier 2 (Mid intent),3,5,473.08,1530.0,838,41812,317,41812
2026-03-27,Meta Ads,META_ADS_CMP_01,Tier 3 (Broad),6,10,354.81,765.0,587,114787,65,114787
2026-03-27,Meta Ads,META_ADS_CMP_02,Tier 1 (High intent),1,2,435.63,3960.0,841,15323,642,15323
2026-03-27,Meta Ads,META_ADS_CMP_02,Tier 2 (Mid intent),3,5,580.84,2160.0,902,44421,281,44421
2026-03-27,Meta Ads,META_ADS_CMP_02,Tier 3 (Broad),6,10,435.63,1080.0,496,104173,105,104173
2026-03-27,Netflix Ads,NETFLIX_ADS_CMP_01,Tier 1 (High intent),1,2,101.52,75.0,532,11055,211,11055
2026-03-27,Netflix Ads,NETFLIX_ADS_CMP_01,Tier 2 (Mid intent),3,5,304.56,105.0,624,41761,238,41761
2026-03-27,Netflix Ads,NETFLIX_ADS_CMP_01,Tier 3 (Broad),6,10,609.13,120.0,455,110202,128,110202
2026-03-27,Netflix Ads,NETFLIX_ADS_CMP_02,Tier 1 (High intent),1,2,94.66,112.5,2,84,1,84
2026-03-27,Netflix Ads,NETFLIX_ADS_CMP_02,Tier 2 (Mid intent),3,5,283.97,157.5,583,39368,228,39368
2026-03-27,Netflix Ads,NETFLIX_ADS_CMP_02,Tier 3 (Broad),6,10,567.95,180.0,429,111334,149,111334
2026-03-27,TikTok Ads,TIKTOK_ADS_CMP_01,Tier 1 (High intent),1,2,99.92,405.0,629,12301,413,12301
2026-03-27,TikTok Ads,TIKTOK_ADS_CMP_01,Tier 2 (Mid intent),3,5,233.15,472.5,723,40997,181,40997
2026-03-27,TikTok Ads,TIKTOK_ADS_CMP_01,Tier 3 (Broad),6,10,333.07,472.5,381,111159,85,111159
2026-03-27,TikTok Ads,TIKTOK_ADS_CMP_02,Tier 1 (High intent),1,2,133.77,337.5,543,11799,403,11799
2026-03-27,TikTok Ads,TIKTOK_ADS_CMP_02,Tier 2 (Mid intent),3,5,312.12,393.75,749,41911,134,41911
2026-03-27,TikTok Ads,TIKTOK_ADS_CMP_02,Tier 3 (Broad),6,10,445.89,393.75,390,110212,67,110212
2026-03-28,Google Ads,GOOGLE_ADS_CMP_01,Tier 1 (High intent),1,2,483.35,6562.5,934,14683,901,14683
2026-03-28,Google Ads,GOOGLE_ADS_CMP_01,Tier 2 (Mid intent),3,5,552.4,2062.5,838,39328,415,39328
2026-03-28,Google Ads,GOOGLE_ADS_CMP_01,Tier 3 (Broad),6,10,345.25,750.0,494,103112,140,103112
2026-03-28,Google Ads,GOOGLE_ADS_CMP_02,Tier 1 (High intent),1,2,456.15,6142.5,817,12674,753,12674
2026-03-28,Google Ads,GOOGLE_ADS_CMP_02,Tier 2 (Mid intent),3,5,521.32,1930.5,856,40851,389,40851
2026-03-28,Google Ads,GOOGLE_ADS_CMP_02,Tier 3 (Broad),6,10,325.82,702.0,568,112852,208,112852
2026-03-28,Meta Ads,META_ADS_CMP_01,Tier 1 (High intent),1,2,313.67,2351.25,931,16165,765,16165
2026-03-28,Meta Ads,META_ADS_CMP_01,Tier 2 (Mid intent),3,5,418.23,1282.5,791,41661,260,41661
2026-03-28,Meta Ads,META_ADS_CMP_01,Tier 3 (Broad),6,10,313.67,641.25,596,122818,122,122818
2026-03-28,Meta Ads,META_ADS_CMP_02,Tier 1 (High intent),1,2,257.78,825.0,911,15827,738,15827
2026-03-28,Meta Ads,META_ADS_CMP_02,Tier 2 (Mid intent),3,5,343.71,450.0,915,47120,244,47120
2026-03-28,Meta Ads,META_ADS_CMP_02,Tier 3 (Broad),6,10,257.78,225.0,635,123752,159,123752
2026-03-28,Netflix Ads,NETFLIX_ADS_CMP_01,Tier 1 (High intent),1,2,96.77,131.25,497,11036,242,11036
2026-03-28,Netflix Ads,NETFLIX_ADS_CMP_01,Tier 2 (Mid intent),3,5,290.3,183.75,637,40908,251,40908
2026-03-28,Netflix Ads,NETFLIX_ADS_CMP_01,Tier 3 (Broad),6,10,580.61,210.0,432,112166,114,112166
2026-03-28,Netflix Ads,NETFLIX_ADS_CMP_02,Tier 1 (High intent),1,2,93.04,112.5,5,88,2,88
2026-03-28,Netflix Ads,NETFLIX_ADS_CMP_02,Tier 2 (Mid intent),3,5,279.12,157.5,696,41101,298,41101
2026-03-28,Netflix Ads,NETFLIX_ADS_CMP_02,Tier 3 (Broad),6,10,558.24,180.0,410,96005,136,96005
2026-03-28,TikTok Ads,TIKTOK_ADS_CMP_01,Tier 1 (High intent),1,2,95.67,360.0,571,11374,395,11374
2026-03-28,TikTok Ads,TIKTOK_ADS_CMP_01,Tier 2 (Mid intent),3,5,223.23,420.0,706,41930,223,41930
2026-03-28,TikTok Ads,TIKTOK_ADS_CMP_01,Tier 3 (Broad),6,10,318.9,420.0,476,124161,77,124161
2026-03-28,TikTok Ads,TIKTOK_ADS_CMP_02,Tier 1 (High intent),1,2,102.16,562.5,559,12231,383,12231
2026-03-28,TikTok Ads,TIKTOK_ADS_CMP_02,Tier 2 (Mid intent),3,5,238.38,656.25,675,42617,164,42617
2026-03-28,TikTok Ads,TIKTOK_ADS_CMP_02,Tier 3 (Broad),6,10,340.55,656.25,552,130048,81,130048
2026-03-29,Google Ads,GOOGLE_ADS_CMP_01,Tier 1 (High intent),1,2,404.88,4515.0,886,13910,815,13910
2026-03-29,Google Ads,GOOGLE_ADS_CMP_01,Tier 2 (Mid intent),3,5,462.72,1419.0,914,41177,499,41177
2026-03-29,Google Ads,GOOGLE_ADS_CMP_01,Tier 3 (Broad),6,10,289.2,516.0,523,101939,131,101939
2026-03-29,Google Ads,GOOGLE_ADS_CMP_02,Tier 1 (High intent),1,2,430.98,6405.0,847,15262,793,15262
2026-03-29,Google Ads,GOOGLE_ADS_CMP_02,Tier 2 (Mid intent),3,5,492.55,2013.0,778,38473,462,38473
2026-03-29,Google Ads,GOOGLE_ADS_CMP_02,Tier 3 (Broad),6,10,307.85,732.0,530,107759,219,107759
2026-03-29,Meta Ads,META_ADS_CMP_01,Tier 1 (High intent),1,2,318.43,2062.5,793,14691,675,14691
2026-03-29,Meta Ads,META_ADS_CMP_01,Tier 2 (Mid intent),3,5,424.57,1125.0,732,41287,237,41287
2026-03-29,Meta Ads,META_ADS_CMP_01,Tier 3 (Broad),6,10,318.43,562.5,670,120755,115,120755
2026-03-29,Meta Ads,META_ADS_CMP_02,Tier 1 (High intent),1,2,381.92,2640.0,666,13892,589,13892
2026-03-29,Meta Ads,META_ADS_CMP_02,Tier 2 (Mid intent),3,5,509.23,1440.0,797,46445,257,46445
2026-03-29,Meta Ads,META_ADS_CMP_02,Tier 3 (Broad),6,10,381.92,720.0,586,117870,148,117870
2026-03-29,Netflix Ads,NETFLIX_ADS_CMP_01,Tier 1 (High intent),1,2,68.79,112.5,573,10980,270,10980
2026-03-29,Netflix Ads,NETFLIX_ADS_CMP_01,Tier 2 (Mid intent),3,5,206.36,157.5,521,34294,216,34294
2026-03-29,Netflix Ads,NETFLIX_ADS_CMP_01,Tier 3 (Broad),6,10,412.72,180.0,417,107864,117,107864
2026-03-29,Netflix Ads,NETFLIX_ADS_CMP_02,Tier 1 (High intent),1,2,82.74,93.75,5,99,3,99
2026-03-29,Netflix Ads,NETFLIX_ADS_CMP_02,Tier 2 (Mid intent),3,5,248.23,131.25,631,36152,262,36152
2026-03-29,Netflix Ads,NETFLIX_ADS_CMP_02,Tier 3 (Broad),6,10,496.45,150.0,403,108688,115,108688
2026-03-29,TikTok Ads,TIKTOK_ADS_CMP_01,Tier 1 (High intent),1,2,126.46,1192.5,652,12469,412,12469
2026-03-29,TikTok Ads,TIKTOK_ADS_CMP_01,Tier 2 (Mid intent),3,5,295.08,1391.25,704,37793,141,37793
2026-03-29,TikTok Ads,TIKTOK_ADS_CMP_01,Tier 3 (Broad),6,10,421.55,1391.25,535,120481,66,120481
2026-03-29,TikTok Ads,TIKTOK_ADS_CMP_02,Tier 1 (High intent),1,2,99.85,720.0,627,12450,361,12450
2026-03-29,TikTok Ads,TIKTOK_ADS_CMP_02,Tier 2 (Mid intent),3,5,232.98,840.0,658,38918,167,38918
2026-03-29,TikTok Ads,TIKTOK_ADS_CMP_02,Tier 3 (Broad),6,10,332.82,840.0,601,128583,94,128583
2026-03-30,Google Ads,GOOGLE_ADS_CMP_01,Tier 1 (High intent),1,2,584.88,7455.0,684,13737,622,13737
2026-03-30,Google Ads,GOOGLE_ADS_CMP_01,Tier 2 (Mid intent),3,5,668.44,2343.0,985,43625,548,43625
2026-03-30,Google Ads,GOOGLE_ADS_CMP_01,Tier 3 (Broad),6,10,417.77,852.0,497,107466,161,107466
2026-03-30,Google Ads,GOOGLE_ADS_CMP_02,Tier 1 (High intent),1,2,359.02,5880.0,915,13520,785,13520
2026-03-30,Google Ads,GOOGLE_ADS_CMP_02,Tier 2 (Mid intent),3,5,410.31,1848.0,1041,46192,543,46192
2026-03-30,Google Ads,GOOGLE_ADS_CMP_02,Tier 3 (Broad),6,10,256.44,672.0,620,103475,149,103475
2026-03-30,Meta Ads,META_ADS_CMP_01,Tier 1 (High intent),1,2,347.96,1897.5,708,13794,590,13794
2026-03-30,Meta Ads,META_ADS_CMP_01,Tier 2 (Mid intent),3,5,463.95,1035.0,954,48207,367,48207
2026-03-30,Meta Ads,META_ADS_CMP_01,Tier 3 (Broad),6,10,347.96,517.5,580,120623,120,120623
2026-03-30,Meta Ads,META_ADS_CMP_02,Tier 1 (High intent),1,2,297.12,2268.75,851,14815,648,14815
2026-03-30,Meta Ads,META_ADS_CMP_02,Tier 2 (Mid intent),3,5,396.16,1237.5,952,48442,350,48442
2026-03-30,Meta Ads,META_ADS_CMP_02,Tier 3 (Broad),6,10,297.12,618.75,543,107748,127,107748
2026-03-30,Netflix Ads,NETFLIX_ADS_CMP_01,Tier 1 (High intent),1,2,105.44,93.75,548,12604,304,12604
2026-03-30,Netflix Ads,NETFLIX_ADS_CMP_01,Tier 2 (Mid intent),3,5,316.31,131.25,597,35280,217,35280
2026-03-30,Netflix Ads,NETFLIX_ADS_CMP_01,Tier 3 (Broad),6,10,632.62,150.0,478,109106,157,109106
2026-03-30,Netflix Ads,NETFLIX_ADS_CMP_02,Tier 1 (High intent),1,2,96.15,56.25,5,96,3,96
2026-03-30,Netflix Ads,NETFLIX_ADS_CMP_02,Tier 2 (Mid intent),3,5,288.44,78.75,648,41725,295,41725
2026-03-30,Netflix Ads,NETFLIX_ADS_CMP_02,Tier 3 (Broad),6,10,576.88,90.0,408,95385,128,95385
2026-03-30,TikTok Ads,TIKTOK_ADS_CMP_01,Tier 1 (High intent),1,2,130.39,540.0,553,11141,405,11141
2026-03-30,TikTok Ads,TIKTOK_ADS_CMP_01,Tier 2 (Mid intent),3,5,304.24,630.0,722,37329,149,37329
2026-03-30,TikTok Ads,TIKTOK_ADS_CMP_01,Tier 3 (Broad),6,10,434.63,630.0,493,128433,84,128433
2026-03-30,TikTok Ads,TIKTOK_ADS_CMP_02,Tier 1 (High intent),1,2,100.98,382.5,535,10924,345,10924
2026-03-30,TikTok Ads,TIKTOK_ADS_CMP_02,Tier 2 (Mid intent),3,5,235.63,446.25,708,39990,189,39990
2026-03-30,TikTok Ads,TIKTOK_ADS_CMP_02,Tier 3 (Broad),6,10,336.62,446.25,472,122889,57,122889
2026-03-31,Google Ads,GOOGLE_ADS_CMP_01,Tier 1 (High intent),1,2,353.95,4567.5,787,13303,740,13303
2026-03-31,Google Ads,GOOGLE_ADS_CMP_01,Tier 2 (Mid intent),3,5,404.52,1435.5,961,44708,508,44708
2026-03-31,Google Ads,GOOGLE_ADS_CMP_01,Tier 3 (Broad),6,10,252.82,522.0,541,103593,125,103593
2026-03-31,Google Ads,GOOGLE_ADS_CMP_02,Tier 1 (High intent),1,2,489.19,6405.0,936,14340,856,14340
2026-03-31,Google Ads,GOOGLE_ADS_CMP_02,Tier 2 (Mid intent),3,5,559.07,2013.0,798,40581,455,40581
2026-03-31,Google Ads,GOOGLE_ADS_CMP_02,Tier 3 (Broad),6,10,349.42,732.0,615,116289,159,116289
2026-03-31,Meta Ads,META_ADS_CMP_01,Tier 1 (High intent),1,2,444.68,2846.25,903,15103,709,15103
2026-03-31,Meta Ads,META_ADS_CMP_01,Tier 2 (Mid intent),3,5,592.91,1552.5,802,44608,285,44608
2026-03-31,Meta Ads,META_ADS_CMP_01,Tier 3 (Broad),6,10,444.68,776.25,617,120105,172,120105
2026-03-31,Meta Ads,META_ADS_CMP_02,Tier 1 (High intent),1,2,328.12,2062.5,765,13769,611,13769
2026-03-31,Meta Ads,META_ADS_CMP_02,Tier 2 (Mid intent),3,5,437.5,1125.0,953,48292,345,48292
2026-03-31,Meta Ads,META_ADS_CMP_02,Tier 3 (Broad),6,10,328.12,562.5,533,108128,87,108128
2026-03-31,Netflix Ads,NETFLIX_ADS_CMP_01,Tier 1 (High intent),1,2,109.04,37.5,597,11409,311,11409
2026-03-31,Netflix Ads,NETFLIX_ADS_CMP_01,Tier 2 (Mid intent),3,5,327.11,52.5,594,37910,204,37910
2026-03-31,Netflix Ads,NETFLIX_ADS_CMP_01,Tier 3 (Broad),6,10,654.23,60.0,410,106368,136,106368
2026-03-31,Netflix Ads,NETFLIX_ADS_CMP_02,Tier 1 (High intent),1,2,72.67,18.75,2,83,2,83
2026-03-31,Netflix Ads,NETFLIX_ADS_CMP_02,Tier 2 (Mid intent),3,5,218.0,26.25,573,37732,246,37732
2026-03-31,Netflix Ads,NETFLIX_ADS_CMP_02,Tier 3 (Broad),6,10,436.01,30.0,384,100931,86,100931
2026-03-31,TikTok Ads,TIKTOK_ADS_CMP_01,Tier 1 (High intent),1,2,80.36,495.0,619,12304,378,12304
2026-03-31,TikTok Ads,TIKTOK_ADS_CMP_01,Tier 2 (Mid intent),3,5,187.51,577.5,713,38434,237,38434
2026-03-31,TikTok Ads,TIKTOK_ADS_CMP_01,Tier 3 (Broad),6,10,267.88,577.5,420,109618,62,109618
2026-03-31,TikTok Ads,TIKTOK_ADS_CMP_02,Tier 1 (High intent),1,2,91.96,607.5,687,12664,451,12664
2026-03-31,TikTok Ads,TIKTOK_ADS_CMP_02,Tier 2 (Mid intent),3,5,214.57,708.75,845,41887,230,41887
2026-03-31,TikTok Ads,TIKTOK_ADS_CMP_02,Tier 3 (Broad),6,10,306.53,708.75,560,130284,69,130284
