value_id,tier,source_id,metric_id,entity,vertical,channel,geography,as_of,value,low,high,unit,n,statistic,definition_class,definition,attribution_window,quote,evidence_ref,verification,confidence,notes
DAM_gross_margin_aggregate_000,A,DAMODARAN_MARGINS,gross_margin_aggregate,Advertising,industry:Advertising,,US,2026-01-05,0.362429,,,ratio,52.0,aggregate,aggregate_public_company_margin,"Gross margin of the industry: aggregated across US publicly traded companies in the group (not a single brand, not DTC specific).",,,damodaran,parsed from publisher file; gross margin = 1 - COGS/sales; ranges checked,high,Public company aggregate. Treat gross margin as an upper bound on a brand's contribution margin.
DAM_net_margin_aggregate_000,A,DAMODARAN_MARGINS,net_margin_aggregate,Advertising,industry:Advertising,,US,2026-01-05,-0.003018,,,ratio,52.0,aggregate,aggregate_public_company_margin,"Net margin of the industry: aggregated across US publicly traded companies in the group (not a single brand, not DTC specific).",,,damodaran,parsed from publisher file; gross margin = 1 - COGS/sales; ranges checked,high,Public company aggregate. Treat gross margin as an upper bound on a brand's contribution margin.
DAM_gross_margin_aggregate_001,A,DAMODARAN_MARGINS,gross_margin_aggregate,Aerospace/Defense,industry:Aerospace/Defense,,US,2026-01-05,0.174846,,,ratio,79.0,aggregate,aggregate_public_company_margin,"Gross margin of the industry: aggregated across US publicly traded companies in the group (not a single brand, not DTC specific).",,,damodaran,parsed from publisher file; gross margin = 1 - COGS/sales; ranges checked,high,Public company aggregate. Treat gross margin as an upper bound on a brand's contribution margin.
DAM_net_margin_aggregate_001,A,DAMODARAN_MARGINS,net_margin_aggregate,Aerospace/Defense,industry:Aerospace/Defense,,US,2026-01-05,0.049891,,,ratio,79.0,aggregate,aggregate_public_company_margin,"Net margin of the industry: aggregated across US publicly traded companies in the group (not a single brand, not DTC specific).",,,damodaran,parsed from publisher file; gross margin = 1 - COGS/sales; ranges checked,high,Public company aggregate. Treat gross margin as an upper bound on a brand's contribution margin.
DAM_gross_margin_aggregate_002,A,DAMODARAN_MARGINS,gross_margin_aggregate,Air Transport,industry:Air Transport,,US,2026-01-05,0.247948,,,ratio,23.0,aggregate,aggregate_public_company_margin,"Gross margin of the industry: aggregated across US publicly traded companies in the group (not a single brand, not DTC specific).",,,damodaran,parsed from publisher file; gross margin = 1 - COGS/sales; ranges checked,high,Public company aggregate. Treat gross margin as an upper bound on a brand's contribution margin.
DAM_net_margin_aggregate_002,A,DAMODARAN_MARGINS,net_margin_aggregate,Air Transport,industry:Air Transport,,US,2026-01-05,0.025083,,,ratio,23.0,aggregate,aggregate_public_company_margin,"Net margin of the industry: aggregated across US publicly traded companies in the group (not a single brand, not DTC specific).",,,damodaran,parsed from publisher file; gross margin = 1 - COGS/sales; ranges checked,high,Public company aggregate. Treat gross margin as an upper bound on a brand's contribution margin.
DAM_gross_margin_aggregate_003,A,DAMODARAN_MARGINS,gross_margin_aggregate,Apparel,industry:Apparel,,US,2026-01-05,0.568834,,,ratio,35.0,aggregate,aggregate_public_company_margin,"Gross margin of the industry: aggregated across US publicly traded companies in the group (not a single brand, not DTC specific).",,,damodaran,parsed from publisher file; gross margin = 1 - COGS/sales; ranges checked,high,Public company aggregate. Treat gross margin as an upper bound on a brand's contribution margin.
DAM_net_margin_aggregate_003,A,DAMODARAN_MARGINS,net_margin_aggregate,Apparel,industry:Apparel,,US,2026-01-05,0.038476,,,ratio,35.0,aggregate,aggregate_public_company_margin,"Net margin of the industry: aggregated across US publicly traded companies in the group (not a single brand, not DTC specific).",,,damodaran,parsed from publisher file; gross margin = 1 - COGS/sales; ranges checked,high,Public company aggregate. Treat gross margin as an upper bound on a brand's contribution margin.
DAM_gross_margin_aggregate_004,A,DAMODARAN_MARGINS,gross_margin_aggregate,Auto & Truck,industry:Auto & Truck,,US,2026-01-05,0.104091,,,ratio,33.0,aggregate,aggregate_public_company_margin,"Gross margin of the industry: aggregated across US publicly traded companies in the group (not a single brand, not DTC specific).",,,damodaran,parsed from publisher file; gross margin = 1 - COGS/sales; ranges checked,high,Public company aggregate. Treat gross margin as an upper bound on a brand's contribution margin.
DAM_net_margin_aggregate_004,A,DAMODARAN_MARGINS,net_margin_aggregate,Auto & Truck,industry:Auto & Truck,,US,2026-01-05,0.012914,,,ratio,33.0,aggregate,aggregate_public_company_margin,"Net margin of the industry: aggregated across US publicly traded companies in the group (not a single brand, not DTC specific).",,,damodaran,parsed from publisher file; gross margin = 1 - COGS/sales; ranges checked,high,Public company aggregate. Treat gross margin as an upper bound on a brand's contribution margin.
DAM_gross_margin_aggregate_005,A,DAMODARAN_MARGINS,gross_margin_aggregate,Auto Parts,industry:Auto Parts,,US,2026-01-05,0.158442,,,ratio,35.0,aggregate,aggregate_public_company_margin,"Gross margin of the industry: aggregated across US publicly traded companies in the group (not a single brand, not DTC specific).",,,damodaran,parsed from publisher file; gross margin = 1 - COGS/sales; ranges checked,high,Public company aggregate. Treat gross margin as an upper bound on a brand's contribution margin.
DAM_net_margin_aggregate_005,A,DAMODARAN_MARGINS,net_margin_aggregate,Auto Parts,industry:Auto Parts,,US,2026-01-05,0.007202,,,ratio,35.0,aggregate,aggregate_public_company_margin,"Net margin of the industry: aggregated across US publicly traded companies in the group (not a single brand, not DTC specific).",,,damodaran,parsed from publisher file; gross margin = 1 - COGS/sales; ranges checked,high,Public company aggregate. Treat gross margin as an upper bound on a brand's contribution margin.
DAM_gross_margin_aggregate_006,A,DAMODARAN_MARGINS,gross_margin_aggregate,Bank (Money Center),industry:Bank (Money Center),,US,2026-01-05,1.0,,,ratio,15.0,aggregate,aggregate_public_company_margin,"Gross margin of the industry: aggregated across US publicly traded companies in the group (not a single brand, not DTC specific).",,,damodaran,parsed from publisher file; gross margin = 1 - COGS/sales; ranges checked,high,Public company aggregate. Treat gross margin as an upper bound on a brand's contribution margin.
DAM_net_margin_aggregate_006,A,DAMODARAN_MARGINS,net_margin_aggregate,Bank (Money Center),industry:Bank (Money Center),,US,2026-01-05,0.288885,,,ratio,15.0,aggregate,aggregate_public_company_margin,"Net margin of the industry: aggregated across US publicly traded companies in the group (not a single brand, not DTC specific).",,,damodaran,parsed from publisher file; gross margin = 1 - COGS/sales; ranges checked,high,Public company aggregate. Treat gross margin as an upper bound on a brand's contribution margin.
DAM_gross_margin_aggregate_007,A,DAMODARAN_MARGINS,gross_margin_aggregate,Banks (Regional),industry:Banks (Regional),,US,2026-01-05,0.996203,,,ratio,568.0,aggregate,aggregate_public_company_margin,"Gross margin of the industry: aggregated across US publicly traded companies in the group (not a single brand, not DTC specific).",,,damodaran,parsed from publisher file; gross margin = 1 - COGS/sales; ranges checked,high,Public company aggregate. Treat gross margin as an upper bound on a brand's contribution margin.
DAM_net_margin_aggregate_007,A,DAMODARAN_MARGINS,net_margin_aggregate,Banks (Regional),industry:Banks (Regional),,US,2026-01-05,0.274947,,,ratio,568.0,aggregate,aggregate_public_company_margin,"Net margin of the industry: aggregated across US publicly traded companies in the group (not a single brand, not DTC specific).",,,damodaran,parsed from publisher file; gross margin = 1 - COGS/sales; ranges checked,high,Public company aggregate. Treat gross margin as an upper bound on a brand's contribution margin.
DAM_gross_margin_aggregate_008,A,DAMODARAN_MARGINS,gross_margin_aggregate,Beverage (Alcoholic),industry:Beverage (Alcoholic),,US,2026-01-05,0.469578,,,ratio,14.0,aggregate,aggregate_public_company_margin,"Gross margin of the industry: aggregated across US publicly traded companies in the group (not a single brand, not DTC specific).",,,damodaran,parsed from publisher file; gross margin = 1 - COGS/sales; ranges checked,high,Public company aggregate. Treat gross margin as an upper bound on a brand's contribution margin.
DAM_net_margin_aggregate_008,A,DAMODARAN_MARGINS,net_margin_aggregate,Beverage (Alcoholic),industry:Beverage (Alcoholic),,US,2026-01-05,0.005601,,,ratio,14.0,aggregate,aggregate_public_company_margin,"Net margin of the industry: aggregated across US publicly traded companies in the group (not a single brand, not DTC specific).",,,damodaran,parsed from publisher file; gross margin = 1 - COGS/sales; ranges checked,high,Public company aggregate. Treat gross margin as an upper bound on a brand's contribution margin.
DAM_gross_margin_aggregate_009,A,DAMODARAN_MARGINS,gross_margin_aggregate,Beverage (Soft),industry:Beverage (Soft),,US,2026-01-05,0.54739,,,ratio,27.0,aggregate,aggregate_public_company_margin,"Gross margin of the industry: aggregated across US publicly traded companies in the group (not a single brand, not DTC specific).",,,damodaran,parsed from publisher file; gross margin = 1 - COGS/sales; ranges checked,high,Public company aggregate. Treat gross margin as an upper bound on a brand's contribution margin.
DAM_net_margin_aggregate_009,A,DAMODARAN_MARGINS,net_margin_aggregate,Beverage (Soft),industry:Beverage (Soft),,US,2026-01-05,0.133978,,,ratio,27.0,aggregate,aggregate_public_company_margin,"Net margin of the industry: aggregated across US publicly traded companies in the group (not a single brand, not DTC specific).",,,damodaran,parsed from publisher file; gross margin = 1 - COGS/sales; ranges checked,high,Public company aggregate. Treat gross margin as an upper bound on a brand's contribution margin.
DAM_gross_margin_aggregate_010,A,DAMODARAN_MARGINS,gross_margin_aggregate,Broadcasting,industry:Broadcasting,,US,2026-01-05,0.381342,,,ratio,24.0,aggregate,aggregate_public_company_margin,"Gross margin of the industry: aggregated across US publicly traded companies in the group (not a single brand, not DTC specific).",,,damodaran,parsed from publisher file; gross margin = 1 - COGS/sales; ranges checked,high,Public company aggregate. Treat gross margin as an upper bound on a brand's contribution margin.
DAM_net_margin_aggregate_010,A,DAMODARAN_MARGINS,net_margin_aggregate,Broadcasting,industry:Broadcasting,,US,2026-01-05,0.020595,,,ratio,24.0,aggregate,aggregate_public_company_margin,"Net margin of the industry: aggregated across US publicly traded companies in the group (not a single brand, not DTC specific).",,,damodaran,parsed from publisher file; gross margin = 1 - COGS/sales; ranges checked,high,Public company aggregate. Treat gross margin as an upper bound on a brand's contribution margin.
DAM_gross_margin_aggregate_011,A,DAMODARAN_MARGINS,gross_margin_aggregate,Brokerage & Investment Banking,industry:Brokerage & Investment Banking,,US,2026-01-05,0.532709,,,ratio,32.0,aggregate,aggregate_public_company_margin,"Gross margin of the industry: aggregated across US publicly traded companies in the group (not a single brand, not DTC specific).",,,damodaran,parsed from publisher file; gross margin = 1 - COGS/sales; ranges checked,high,Public company aggregate. Treat gross margin as an upper bound on a brand's contribution margin.
DAM_net_margin_aggregate_011,A,DAMODARAN_MARGINS,net_margin_aggregate,Brokerage & Investment Banking,industry:Brokerage & Investment Banking,,US,2026-01-05,0.144488,,,ratio,32.0,aggregate,aggregate_public_company_margin,"Net margin of the industry: aggregated across US publicly traded companies in the group (not a single brand, not DTC specific).",,,damodaran,parsed from publisher file; gross margin = 1 - COGS/sales; ranges checked,high,Public company aggregate. Treat gross margin as an upper bound on a brand's contribution margin.
DAM_gross_margin_aggregate_012,A,DAMODARAN_MARGINS,gross_margin_aggregate,Building Materials,industry:Building Materials,,US,2026-01-05,0.309401,,,ratio,41.0,aggregate,aggregate_public_company_margin,"Gross margin of the industry: aggregated across US publicly traded companies in the group (not a single brand, not DTC specific).",,,damodaran,parsed from publisher file; gross margin = 1 - COGS/sales; ranges checked,high,Public company aggregate. Treat gross margin as an upper bound on a brand's contribution margin.
DAM_net_margin_aggregate_012,A,DAMODARAN_MARGINS,net_margin_aggregate,Building Materials,industry:Building Materials,,US,2026-01-05,0.074223,,,ratio,41.0,aggregate,aggregate_public_company_margin,"Net margin of the industry: aggregated across US publicly traded companies in the group (not a single brand, not DTC specific).",,,damodaran,parsed from publisher file; gross margin = 1 - COGS/sales; ranges checked,high,Public company aggregate. Treat gross margin as an upper bound on a brand's contribution margin.
DAM_gross_margin_aggregate_013,A,DAMODARAN_MARGINS,gross_margin_aggregate,Business & Consumer Services,industry:Business & Consumer Services,,US,2026-01-05,0.333789,,,ratio,155.0,aggregate,aggregate_public_company_margin,"Gross margin of the industry: aggregated across US publicly traded companies in the group (not a single brand, not DTC specific).",,,damodaran,parsed from publisher file; gross margin = 1 - COGS/sales; ranges checked,high,Public company aggregate. Treat gross margin as an upper bound on a brand's contribution margin.
DAM_net_margin_aggregate_013,A,DAMODARAN_MARGINS,net_margin_aggregate,Business & Consumer Services,industry:Business & Consumer Services,,US,2026-01-05,0.070329,,,ratio,155.0,aggregate,aggregate_public_company_margin,"Net margin of the industry: aggregated across US publicly traded companies in the group (not a single brand, not DTC specific).",,,damodaran,parsed from publisher file; gross margin = 1 - COGS/sales; ranges checked,high,Public company aggregate. Treat gross margin as an upper bound on a brand's contribution margin.
DAM_gross_margin_aggregate_014,A,DAMODARAN_MARGINS,gross_margin_aggregate,Cable TV,industry:Cable TV,,US,2026-01-05,0.629133,,,ratio,9.0,aggregate,aggregate_public_company_margin,"Gross margin of the industry: aggregated across US publicly traded companies in the group (not a single brand, not DTC specific).",,,damodaran,parsed from publisher file; gross margin = 1 - COGS/sales; ranges checked,high,Public company aggregate. Treat gross margin as an upper bound on a brand's contribution margin.
DAM_net_margin_aggregate_014,A,DAMODARAN_MARGINS,net_margin_aggregate,Cable TV,industry:Cable TV,,US,2026-01-05,0.070836,,,ratio,9.0,aggregate,aggregate_public_company_margin,"Net margin of the industry: aggregated across US publicly traded companies in the group (not a single brand, not DTC specific).",,,damodaran,parsed from publisher file; gross margin = 1 - COGS/sales; ranges checked,high,Public company aggregate. Treat gross margin as an upper bound on a brand's contribution margin.
DAM_gross_margin_aggregate_015,A,DAMODARAN_MARGINS,gross_margin_aggregate,Chemical (Basic),industry:Chemical (Basic),,US,2026-01-05,0.093054,,,ratio,29.0,aggregate,aggregate_public_company_margin,"Gross margin of the industry: aggregated across US publicly traded companies in the group (not a single brand, not DTC specific).",,,damodaran,parsed from publisher file; gross margin = 1 - COGS/sales; ranges checked,high,Public company aggregate. Treat gross margin as an upper bound on a brand's contribution margin.
DAM_net_margin_aggregate_015,A,DAMODARAN_MARGINS,net_margin_aggregate,Chemical (Basic),industry:Chemical (Basic),,US,2026-01-05,-0.037261,,,ratio,29.0,aggregate,aggregate_public_company_margin,"Net margin of the industry: aggregated across US publicly traded companies in the group (not a single brand, not DTC specific).",,,damodaran,parsed from publisher file; gross margin = 1 - COGS/sales; ranges checked,high,Public company aggregate. Treat gross margin as an upper bound on a brand's contribution margin.
DAM_gross_margin_aggregate_016,A,DAMODARAN_MARGINS,gross_margin_aggregate,Chemical (Diversified),industry:Chemical (Diversified),,US,2026-01-05,0.153186,,,ratio,4.0,aggregate,aggregate_public_company_margin,"Gross margin of the industry: aggregated across US publicly traded companies in the group (not a single brand, not DTC specific).",,,damodaran,parsed from publisher file; gross margin = 1 - COGS/sales; ranges checked,high,Public company aggregate. Treat gross margin as an upper bound on a brand's contribution margin.
DAM_net_margin_aggregate_016,A,DAMODARAN_MARGINS,net_margin_aggregate,Chemical (Diversified),industry:Chemical (Diversified),,US,2026-01-05,-0.053547,,,ratio,4.0,aggregate,aggregate_public_company_margin,"Net margin of the industry: aggregated across US publicly traded companies in the group (not a single brand, not DTC specific).",,,damodaran,parsed from publisher file; gross margin = 1 - COGS/sales; ranges checked,high,Public company aggregate. Treat gross margin as an upper bound on a brand's contribution margin.
DAM_gross_margin_aggregate_017,A,DAMODARAN_MARGINS,gross_margin_aggregate,Chemical (Specialty),industry:Chemical (Specialty),,US,2026-01-05,0.351164,,,ratio,59.0,aggregate,aggregate_public_company_margin,"Gross margin of the industry: aggregated across US publicly traded companies in the group (not a single brand, not DTC specific).",,,damodaran,parsed from publisher file; gross margin = 1 - COGS/sales; ranges checked,high,Public company aggregate. Treat gross margin as an upper bound on a brand's contribution margin.
DAM_net_margin_aggregate_017,A,DAMODARAN_MARGINS,net_margin_aggregate,Chemical (Specialty),industry:Chemical (Specialty),,US,2026-01-05,0.029079,,,ratio,59.0,aggregate,aggregate_public_company_margin,"Net margin of the industry: aggregated across US publicly traded companies in the group (not a single brand, not DTC specific).",,,damodaran,parsed from publisher file; gross margin = 1 - COGS/sales; ranges checked,high,Public company aggregate. Treat gross margin as an upper bound on a brand's contribution margin.
DAM_gross_margin_aggregate_018,A,DAMODARAN_MARGINS,gross_margin_aggregate,Coal & Related Energy,industry:Coal & Related Energy,,US,2026-01-05,0.1486,,,ratio,16.0,aggregate,aggregate_public_company_margin,"Gross margin of the industry: aggregated across US publicly traded companies in the group (not a single brand, not DTC specific).",,,damodaran,parsed from publisher file; gross margin = 1 - COGS/sales; ranges checked,high,Public company aggregate. Treat gross margin as an upper bound on a brand's contribution margin.
DAM_net_margin_aggregate_018,A,DAMODARAN_MARGINS,net_margin_aggregate,Coal & Related Energy,industry:Coal & Related Energy,,US,2026-01-05,-0.021258,,,ratio,16.0,aggregate,aggregate_public_company_margin,"Net margin of the industry: aggregated across US publicly traded companies in the group (not a single brand, not DTC specific).",,,damodaran,parsed from publisher file; gross margin = 1 - COGS/sales; ranges checked,high,Public company aggregate. Treat gross margin as an upper bound on a brand's contribution margin.
DAM_gross_margin_aggregate_019,A,DAMODARAN_MARGINS,gross_margin_aggregate,Computer Services,industry:Computer Services,,US,2026-01-05,0.242594,,,ratio,64.0,aggregate,aggregate_public_company_margin,"Gross margin of the industry: aggregated across US publicly traded companies in the group (not a single brand, not DTC specific).",,,damodaran,parsed from publisher file; gross margin = 1 - COGS/sales; ranges checked,high,Public company aggregate. Treat gross margin as an upper bound on a brand's contribution margin.
DAM_net_margin_aggregate_019,A,DAMODARAN_MARGINS,net_margin_aggregate,Computer Services,industry:Computer Services,,US,2026-01-05,0.044525,,,ratio,64.0,aggregate,aggregate_public_company_margin,"Net margin of the industry: aggregated across US publicly traded companies in the group (not a single brand, not DTC specific).",,,damodaran,parsed from publisher file; gross margin = 1 - COGS/sales; ranges checked,high,Public company aggregate. Treat gross margin as an upper bound on a brand's contribution margin.
DAM_gross_margin_aggregate_020,A,DAMODARAN_MARGINS,gross_margin_aggregate,Computers/Peripherals,industry:Computers/Peripherals,,US,2026-01-05,0.383553,,,ratio,36.0,aggregate,aggregate_public_company_margin,"Gross margin of the industry: aggregated across US publicly traded companies in the group (not a single brand, not DTC specific).",,,damodaran,parsed from publisher file; gross margin = 1 - COGS/sales; ranges checked,high,Public company aggregate. Treat gross margin as an upper bound on a brand's contribution margin.
DAM_net_margin_aggregate_020,A,DAMODARAN_MARGINS,net_margin_aggregate,Computers/Peripherals,industry:Computers/Peripherals,,US,2026-01-05,0.177774,,,ratio,36.0,aggregate,aggregate_public_company_margin,"Net margin of the industry: aggregated across US publicly traded companies in the group (not a single brand, not DTC specific).",,,damodaran,parsed from publisher file; gross margin = 1 - COGS/sales; ranges checked,high,Public company aggregate. Treat gross margin as an upper bound on a brand's contribution margin.
DAM_gross_margin_aggregate_021,A,DAMODARAN_MARGINS,gross_margin_aggregate,Construction Supplies,industry:Construction Supplies,,US,2026-01-05,0.255225,,,ratio,40.0,aggregate,aggregate_public_company_margin,"Gross margin of the industry: aggregated across US publicly traded companies in the group (not a single brand, not DTC specific).",,,damodaran,parsed from publisher file; gross margin = 1 - COGS/sales; ranges checked,high,Public company aggregate. Treat gross margin as an upper bound on a brand's contribution margin.
DAM_net_margin_aggregate_021,A,DAMODARAN_MARGINS,net_margin_aggregate,Construction Supplies,industry:Construction Supplies,,US,2026-01-05,0.10783,,,ratio,40.0,aggregate,aggregate_public_company_margin,"Net margin of the industry: aggregated across US publicly traded companies in the group (not a single brand, not DTC specific).",,,damodaran,parsed from publisher file; gross margin = 1 - COGS/sales; ranges checked,high,Public company aggregate. Treat gross margin as an upper bound on a brand's contribution margin.
DAM_gross_margin_aggregate_022,A,DAMODARAN_MARGINS,gross_margin_aggregate,Diversified,industry:Diversified,,US,2026-01-05,0.258114,,,ratio,20.0,aggregate,aggregate_public_company_margin,"Gross margin of the industry: aggregated across US publicly traded companies in the group (not a single brand, not DTC specific).",,,damodaran,parsed from publisher file; gross margin = 1 - COGS/sales; ranges checked,high,Public company aggregate. Treat gross margin as an upper bound on a brand's contribution margin.
DAM_net_margin_aggregate_022,A,DAMODARAN_MARGINS,net_margin_aggregate,Diversified,industry:Diversified,,US,2026-01-05,0.163664,,,ratio,20.0,aggregate,aggregate_public_company_margin,"Net margin of the industry: aggregated across US publicly traded companies in the group (not a single brand, not DTC specific).",,,damodaran,parsed from publisher file; gross margin = 1 - COGS/sales; ranges checked,high,Public company aggregate. Treat gross margin as an upper bound on a brand's contribution margin.
DAM_gross_margin_aggregate_023,A,DAMODARAN_MARGINS,gross_margin_aggregate,Drugs (Biotechnology),industry:Drugs (Biotechnology),,US,2026-01-05,0.607809,,,ratio,496.0,aggregate,aggregate_public_company_margin,"Gross margin of the industry: aggregated across US publicly traded companies in the group (not a single brand, not DTC specific).",,,damodaran,parsed from publisher file; gross margin = 1 - COGS/sales; ranges checked,high,Public company aggregate. Treat gross margin as an upper bound on a brand's contribution margin.
DAM_net_margin_aggregate_023,A,DAMODARAN_MARGINS,net_margin_aggregate,Drugs (Biotechnology),industry:Drugs (Biotechnology),,US,2026-01-05,-0.049971,,,ratio,496.0,aggregate,aggregate_public_company_margin,"Net margin of the industry: aggregated across US publicly traded companies in the group (not a single brand, not DTC specific).",,,damodaran,parsed from publisher file; gross margin = 1 - COGS/sales; ranges checked,high,Public company aggregate. Treat gross margin as an upper bound on a brand's contribution margin.
DAM_gross_margin_aggregate_024,A,DAMODARAN_MARGINS,gross_margin_aggregate,Drugs (Pharmaceutical),industry:Drugs (Pharmaceutical),,US,2026-01-05,0.717253,,,ratio,228.0,aggregate,aggregate_public_company_margin,"Gross margin of the industry: aggregated across US publicly traded companies in the group (not a single brand, not DTC specific).",,,damodaran,parsed from publisher file; gross margin = 1 - COGS/sales; ranges checked,high,Public company aggregate. Treat gross margin as an upper bound on a brand's contribution margin.
DAM_net_margin_aggregate_024,A,DAMODARAN_MARGINS,net_margin_aggregate,Drugs (Pharmaceutical),industry:Drugs (Pharmaceutical),,US,2026-01-05,0.185371,,,ratio,228.0,aggregate,aggregate_public_company_margin,"Net margin of the industry: aggregated across US publicly traded companies in the group (not a single brand, not DTC specific).",,,damodaran,parsed from publisher file; gross margin = 1 - COGS/sales; ranges checked,high,Public company aggregate. Treat gross margin as an upper bound on a brand's contribution margin.
DAM_gross_margin_aggregate_025,A,DAMODARAN_MARGINS,gross_margin_aggregate,Education,industry:Education,,US,2026-01-05,0.458172,,,ratio,32.0,aggregate,aggregate_public_company_margin,"Gross margin of the industry: aggregated across US publicly traded companies in the group (not a single brand, not DTC specific).",,,damodaran,parsed from publisher file; gross margin = 1 - COGS/sales; ranges checked,high,Public company aggregate. Treat gross margin as an upper bound on a brand's contribution margin.
DAM_net_margin_aggregate_025,A,DAMODARAN_MARGINS,net_margin_aggregate,Education,industry:Education,,US,2026-01-05,0.087936,,,ratio,32.0,aggregate,aggregate_public_company_margin,"Net margin of the industry: aggregated across US publicly traded companies in the group (not a single brand, not DTC specific).",,,damodaran,parsed from publisher file; gross margin = 1 - COGS/sales; ranges checked,high,Public company aggregate. Treat gross margin as an upper bound on a brand's contribution margin.
DAM_gross_margin_aggregate_026,A,DAMODARAN_MARGINS,gross_margin_aggregate,Electrical Equipment,industry:Electrical Equipment,,US,2026-01-05,0.318215,,,ratio,112.0,aggregate,aggregate_public_company_margin,"Gross margin of the industry: aggregated across US publicly traded companies in the group (not a single brand, not DTC specific).",,,damodaran,parsed from publisher file; gross margin = 1 - COGS/sales; ranges checked,high,Public company aggregate. Treat gross margin as an upper bound on a brand's contribution margin.
DAM_net_margin_aggregate_026,A,DAMODARAN_MARGINS,net_margin_aggregate,Electrical Equipment,industry:Electrical Equipment,,US,2026-01-05,0.00941,,,ratio,112.0,aggregate,aggregate_public_company_margin,"Net margin of the industry: aggregated across US publicly traded companies in the group (not a single brand, not DTC specific).",,,damodaran,parsed from publisher file; gross margin = 1 - COGS/sales; ranges checked,high,Public company aggregate. Treat gross margin as an upper bound on a brand's contribution margin.
DAM_gross_margin_aggregate_027,A,DAMODARAN_MARGINS,gross_margin_aggregate,Electronics (Consumer & Office),industry:Electronics (Consumer & Office),,US,2026-01-05,0.387725,,,ratio,8.0,aggregate,aggregate_public_company_margin,"Gross margin of the industry: aggregated across US publicly traded companies in the group (not a single brand, not DTC specific).",,,damodaran,parsed from publisher file; gross margin = 1 - COGS/sales; ranges checked,high,Public company aggregate. Treat gross margin as an upper bound on a brand's contribution margin.
DAM_net_margin_aggregate_027,A,DAMODARAN_MARGINS,net_margin_aggregate,Electronics (Consumer & Office),industry:Electronics (Consumer & Office),,US,2026-01-05,-0.094201,,,ratio,8.0,aggregate,aggregate_public_company_margin,"Net margin of the industry: aggregated across US publicly traded companies in the group (not a single brand, not DTC specific).",,,damodaran,parsed from publisher file; gross margin = 1 - COGS/sales; ranges checked,high,Public company aggregate. Treat gross margin as an upper bound on a brand's contribution margin.
DAM_gross_margin_aggregate_028,A,DAMODARAN_MARGINS,gross_margin_aggregate,Electronics (General),industry:Electronics (General),,US,2026-01-05,0.267647,,,ratio,114.0,aggregate,aggregate_public_company_margin,"Gross margin of the industry: aggregated across US publicly traded companies in the group (not a single brand, not DTC specific).",,,damodaran,parsed from publisher file; gross margin = 1 - COGS/sales; ranges checked,high,Public company aggregate. Treat gross margin as an upper bound on a brand's contribution margin.
DAM_net_margin_aggregate_028,A,DAMODARAN_MARGINS,net_margin_aggregate,Electronics (General),industry:Electronics (General),,US,2026-01-05,0.064727,,,ratio,114.0,aggregate,aggregate_public_company_margin,"Net margin of the industry: aggregated across US publicly traded companies in the group (not a single brand, not DTC specific).",,,damodaran,parsed from publisher file; gross margin = 1 - COGS/sales; ranges checked,high,Public company aggregate. Treat gross margin as an upper bound on a brand's contribution margin.
DAM_gross_margin_aggregate_029,A,DAMODARAN_MARGINS,gross_margin_aggregate,Engineering/Construction,industry:Engineering/Construction,,US,2026-01-05,0.154589,,,ratio,48.0,aggregate,aggregate_public_company_margin,"Gross margin of the industry: aggregated across US publicly traded companies in the group (not a single brand, not DTC specific).",,,damodaran,parsed from publisher file; gross margin = 1 - COGS/sales; ranges checked,high,Public company aggregate. Treat gross margin as an upper bound on a brand's contribution margin.
DAM_net_margin_aggregate_029,A,DAMODARAN_MARGINS,net_margin_aggregate,Engineering/Construction,industry:Engineering/Construction,,US,2026-01-05,0.05944,,,ratio,48.0,aggregate,aggregate_public_company_margin,"Net margin of the industry: aggregated across US publicly traded companies in the group (not a single brand, not DTC specific).",,,damodaran,parsed from publisher file; gross margin = 1 - COGS/sales; ranges checked,high,Public company aggregate. Treat gross margin as an upper bound on a brand's contribution margin.
DAM_gross_margin_aggregate_030,A,DAMODARAN_MARGINS,gross_margin_aggregate,Entertainment,industry:Entertainment,,US,2026-01-05,0.413931,,,ratio,92.0,aggregate,aggregate_public_company_margin,"Gross margin of the industry: aggregated across US publicly traded companies in the group (not a single brand, not DTC specific).",,,damodaran,parsed from publisher file; gross margin = 1 - COGS/sales; ranges checked,high,Public company aggregate. Treat gross margin as an upper bound on a brand's contribution margin.
DAM_net_margin_aggregate_030,A,DAMODARAN_MARGINS,net_margin_aggregate,Entertainment,industry:Entertainment,,US,2026-01-05,0.044289,,,ratio,92.0,aggregate,aggregate_public_company_margin,"Net margin of the industry: aggregated across US publicly traded companies in the group (not a single brand, not DTC specific).",,,damodaran,parsed from publisher file; gross margin = 1 - COGS/sales; ranges checked,high,Public company aggregate. Treat gross margin as an upper bound on a brand's contribution margin.
DAM_gross_margin_aggregate_031,A,DAMODARAN_MARGINS,gross_margin_aggregate,Environmental & Waste Services,industry:Environmental & Waste Services,,US,2026-01-05,0.363027,,,ratio,53.0,aggregate,aggregate_public_company_margin,"Gross margin of the industry: aggregated across US publicly traded companies in the group (not a single brand, not DTC specific).",,,damodaran,parsed from publisher file; gross margin = 1 - COGS/sales; ranges checked,high,Public company aggregate. Treat gross margin as an upper bound on a brand's contribution margin.
DAM_net_margin_aggregate_031,A,DAMODARAN_MARGINS,net_margin_aggregate,Environmental & Waste Services,industry:Environmental & Waste Services,,US,2026-01-05,0.082381,,,ratio,53.0,aggregate,aggregate_public_company_margin,"Net margin of the industry: aggregated across US publicly traded companies in the group (not a single brand, not DTC specific).",,,damodaran,parsed from publisher file; gross margin = 1 - COGS/sales; ranges checked,high,Public company aggregate. Treat gross margin as an upper bound on a brand's contribution margin.
DAM_gross_margin_aggregate_032,A,DAMODARAN_MARGINS,gross_margin_aggregate,Farming/Agriculture,industry:Farming/Agriculture,,US,2026-01-05,0.130854,,,ratio,35.0,aggregate,aggregate_public_company_margin,"Gross margin of the industry: aggregated across US publicly traded companies in the group (not a single brand, not DTC specific).",,,damodaran,parsed from publisher file; gross margin = 1 - COGS/sales; ranges checked,high,Public company aggregate. Treat gross margin as an upper bound on a brand's contribution margin.
DAM_net_margin_aggregate_032,A,DAMODARAN_MARGINS,net_margin_aggregate,Farming/Agriculture,industry:Farming/Agriculture,,US,2026-01-05,0.039086,,,ratio,35.0,aggregate,aggregate_public_company_margin,"Net margin of the industry: aggregated across US publicly traded companies in the group (not a single brand, not DTC specific).",,,damodaran,parsed from publisher file; gross margin = 1 - COGS/sales; ranges checked,high,Public company aggregate. Treat gross margin as an upper bound on a brand's contribution margin.
DAM_gross_margin_aggregate_033,A,DAMODARAN_MARGINS,gross_margin_aggregate,Financial Svcs. (Non-bank & Insurance),industry:Financial Svcs. (Non-bank & Insurance),,US,2026-01-05,0.692002,,,ratio,176.0,aggregate,aggregate_public_company_margin,"Gross margin of the industry: aggregated across US publicly traded companies in the group (not a single brand, not DTC specific).",,,damodaran,parsed from publisher file; gross margin = 1 - COGS/sales; ranges checked,high,Public company aggregate. Treat gross margin as an upper bound on a brand's contribution margin.
DAM_net_margin_aggregate_033,A,DAMODARAN_MARGINS,net_margin_aggregate,Financial Svcs. (Non-bank & Insurance),industry:Financial Svcs. (Non-bank & Insurance),,US,2026-01-05,0.221885,,,ratio,176.0,aggregate,aggregate_public_company_margin,"Net margin of the industry: aggregated across US publicly traded companies in the group (not a single brand, not DTC specific).",,,damodaran,parsed from publisher file; gross margin = 1 - COGS/sales; ranges checked,high,Public company aggregate. Treat gross margin as an upper bound on a brand's contribution margin.
DAM_gross_margin_aggregate_034,A,DAMODARAN_MARGINS,gross_margin_aggregate,Food Processing,industry:Food Processing,,US,2026-01-05,0.232343,,,ratio,78.0,aggregate,aggregate_public_company_margin,"Gross margin of the industry: aggregated across US publicly traded companies in the group (not a single brand, not DTC specific).",,,damodaran,parsed from publisher file; gross margin = 1 - COGS/sales; ranges checked,high,Public company aggregate. Treat gross margin as an upper bound on a brand's contribution margin.
DAM_net_margin_aggregate_034,A,DAMODARAN_MARGINS,net_margin_aggregate,Food Processing,industry:Food Processing,,US,2026-01-05,0.028163,,,ratio,78.0,aggregate,aggregate_public_company_margin,"Net margin of the industry: aggregated across US publicly traded companies in the group (not a single brand, not DTC specific).",,,damodaran,parsed from publisher file; gross margin = 1 - COGS/sales; ranges checked,high,Public company aggregate. Treat gross margin as an upper bound on a brand's contribution margin.
DAM_gross_margin_aggregate_035,A,DAMODARAN_MARGINS,gross_margin_aggregate,Food Wholesalers,industry:Food Wholesalers,,US,2026-01-05,0.154403,,,ratio,13.0,aggregate,aggregate_public_company_margin,"Gross margin of the industry: aggregated across US publicly traded companies in the group (not a single brand, not DTC specific).",,,damodaran,parsed from publisher file; gross margin = 1 - COGS/sales; ranges checked,high,Public company aggregate. Treat gross margin as an upper bound on a brand's contribution margin.
DAM_net_margin_aggregate_035,A,DAMODARAN_MARGINS,net_margin_aggregate,Food Wholesalers,industry:Food Wholesalers,,US,2026-01-05,0.01171,,,ratio,13.0,aggregate,aggregate_public_company_margin,"Net margin of the industry: aggregated across US publicly traded companies in the group (not a single brand, not DTC specific).",,,damodaran,parsed from publisher file; gross margin = 1 - COGS/sales; ranges checked,high,Public company aggregate. Treat gross margin as an upper bound on a brand's contribution margin.
DAM_gross_margin_aggregate_036,A,DAMODARAN_MARGINS,gross_margin_aggregate,Furn/Home Furnishings,industry:Furn/Home Furnishings,,US,2026-01-05,0.302752,,,ratio,27.0,aggregate,aggregate_public_company_margin,"Gross margin of the industry: aggregated across US publicly traded companies in the group (not a single brand, not DTC specific).",,,damodaran,parsed from publisher file; gross margin = 1 - COGS/sales; ranges checked,high,Public company aggregate. Treat gross margin as an upper bound on a brand's contribution margin.
DAM_net_margin_aggregate_036,A,DAMODARAN_MARGINS,net_margin_aggregate,Furn/Home Furnishings,industry:Furn/Home Furnishings,,US,2026-01-05,0.011025,,,ratio,27.0,aggregate,aggregate_public_company_margin,"Net margin of the industry: aggregated across US publicly traded companies in the group (not a single brand, not DTC specific).",,,damodaran,parsed from publisher file; gross margin = 1 - COGS/sales; ranges checked,high,Public company aggregate. Treat gross margin as an upper bound on a brand's contribution margin.
DAM_gross_margin_aggregate_037,A,DAMODARAN_MARGINS,gross_margin_aggregate,Green & Renewable Energy,industry:Green & Renewable Energy,,US,2026-01-05,0.552404,,,ratio,15.0,aggregate,aggregate_public_company_margin,"Gross margin of the industry: aggregated across US publicly traded companies in the group (not a single brand, not DTC specific).",,,damodaran,parsed from publisher file; gross margin = 1 - COGS/sales; ranges checked,high,Public company aggregate. Treat gross margin as an upper bound on a brand's contribution margin.
DAM_net_margin_aggregate_037,A,DAMODARAN_MARGINS,net_margin_aggregate,Green & Renewable Energy,industry:Green & Renewable Energy,,US,2026-01-05,-0.108264,,,ratio,15.0,aggregate,aggregate_public_company_margin,"Net margin of the industry: aggregated across US publicly traded companies in the group (not a single brand, not DTC specific).",,,damodaran,parsed from publisher file; gross margin = 1 - COGS/sales; ranges checked,high,Public company aggregate. Treat gross margin as an upper bound on a brand's contribution margin.
DAM_gross_margin_aggregate_038,A,DAMODARAN_MARGINS,gross_margin_aggregate,Healthcare Products,industry:Healthcare Products,,US,2026-01-05,0.540006,,,ratio,204.0,aggregate,aggregate_public_company_margin,"Gross margin of the industry: aggregated across US publicly traded companies in the group (not a single brand, not DTC specific).",,,damodaran,parsed from publisher file; gross margin = 1 - COGS/sales; ranges checked,high,Public company aggregate. Treat gross margin as an upper bound on a brand's contribution margin.
DAM_net_margin_aggregate_038,A,DAMODARAN_MARGINS,net_margin_aggregate,Healthcare Products,industry:Healthcare Products,,US,2026-01-05,0.096084,,,ratio,204.0,aggregate,aggregate_public_company_margin,"Net margin of the industry: aggregated across US publicly traded companies in the group (not a single brand, not DTC specific).",,,damodaran,parsed from publisher file; gross margin = 1 - COGS/sales; ranges checked,high,Public company aggregate. Treat gross margin as an upper bound on a brand's contribution margin.
DAM_gross_margin_aggregate_039,A,DAMODARAN_MARGINS,gross_margin_aggregate,Healthcare Support Services,industry:Healthcare Support Services,,US,2026-01-05,0.120784,,,ratio,104.0,aggregate,aggregate_public_company_margin,"Gross margin of the industry: aggregated across US publicly traded companies in the group (not a single brand, not DTC specific).",,,damodaran,parsed from publisher file; gross margin = 1 - COGS/sales; ranges checked,high,Public company aggregate. Treat gross margin as an upper bound on a brand's contribution margin.
DAM_net_margin_aggregate_039,A,DAMODARAN_MARGINS,net_margin_aggregate,Healthcare Support Services,industry:Healthcare Support Services,,US,2026-01-05,0.012531,,,ratio,104.0,aggregate,aggregate_public_company_margin,"Net margin of the industry: aggregated across US publicly traded companies in the group (not a single brand, not DTC specific).",,,damodaran,parsed from publisher file; gross margin = 1 - COGS/sales; ranges checked,high,Public company aggregate. Treat gross margin as an upper bound on a brand's contribution margin.
DAM_gross_margin_aggregate_040,A,DAMODARAN_MARGINS,gross_margin_aggregate,Heathcare Information and Technology,industry:Heathcare Information and Technology,,US,2026-01-05,0.483183,,,ratio,115.0,aggregate,aggregate_public_company_margin,"Gross margin of the industry: aggregated across US publicly traded companies in the group (not a single brand, not DTC specific).",,,damodaran,parsed from publisher file; gross margin = 1 - COGS/sales; ranges checked,high,Public company aggregate. Treat gross margin as an upper bound on a brand's contribution margin.
DAM_net_margin_aggregate_040,A,DAMODARAN_MARGINS,net_margin_aggregate,Heathcare Information and Technology,industry:Heathcare Information and Technology,,US,2026-01-05,0.074511,,,ratio,115.0,aggregate,aggregate_public_company_margin,"Net margin of the industry: aggregated across US publicly traded companies in the group (not a single brand, not DTC specific).",,,damodaran,parsed from publisher file; gross margin = 1 - COGS/sales; ranges checked,high,Public company aggregate. Treat gross margin as an upper bound on a brand's contribution margin.
DAM_gross_margin_aggregate_041,A,DAMODARAN_MARGINS,gross_margin_aggregate,Homebuilding,industry:Homebuilding,,US,2026-01-05,0.226955,,,ratio,30.0,aggregate,aggregate_public_company_margin,"Gross margin of the industry: aggregated across US publicly traded companies in the group (not a single brand, not DTC specific).",,,damodaran,parsed from publisher file; gross margin = 1 - COGS/sales; ranges checked,high,Public company aggregate. Treat gross margin as an upper bound on a brand's contribution margin.
DAM_net_margin_aggregate_041,A,DAMODARAN_MARGINS,net_margin_aggregate,Homebuilding,industry:Homebuilding,,US,2026-01-05,0.094701,,,ratio,30.0,aggregate,aggregate_public_company_margin,"Net margin of the industry: aggregated across US publicly traded companies in the group (not a single brand, not DTC specific).",,,damodaran,parsed from publisher file; gross margin = 1 - COGS/sales; ranges checked,high,Public company aggregate. Treat gross margin as an upper bound on a brand's contribution margin.
DAM_gross_margin_aggregate_042,A,DAMODARAN_MARGINS,gross_margin_aggregate,Hospitals/Healthcare Facilities,industry:Hospitals/Healthcare Facilities,,US,2026-01-05,0.390971,,,ratio,31.0,aggregate,aggregate_public_company_margin,"Gross margin of the industry: aggregated across US publicly traded companies in the group (not a single brand, not DTC specific).",,,damodaran,parsed from publisher file; gross margin = 1 - COGS/sales; ranges checked,high,Public company aggregate. Treat gross margin as an upper bound on a brand's contribution margin.
DAM_net_margin_aggregate_042,A,DAMODARAN_MARGINS,net_margin_aggregate,Hospitals/Healthcare Facilities,industry:Hospitals/Healthcare Facilities,,US,2026-01-05,0.062951,,,ratio,31.0,aggregate,aggregate_public_company_margin,"Net margin of the industry: aggregated across US publicly traded companies in the group (not a single brand, not DTC specific).",,,damodaran,parsed from publisher file; gross margin = 1 - COGS/sales; ranges checked,high,Public company aggregate. Treat gross margin as an upper bound on a brand's contribution margin.
DAM_gross_margin_aggregate_043,A,DAMODARAN_MARGINS,gross_margin_aggregate,Hotel/Gaming,industry:Hotel/Gaming,,US,2026-01-05,0.608546,,,ratio,63.0,aggregate,aggregate_public_company_margin,"Gross margin of the industry: aggregated across US publicly traded companies in the group (not a single brand, not DTC specific).",,,damodaran,parsed from publisher file; gross margin = 1 - COGS/sales; ranges checked,high,Public company aggregate. Treat gross margin as an upper bound on a brand's contribution margin.
DAM_net_margin_aggregate_043,A,DAMODARAN_MARGINS,net_margin_aggregate,Hotel/Gaming,industry:Hotel/Gaming,,US,2026-01-05,0.103811,,,ratio,63.0,aggregate,aggregate_public_company_margin,"Net margin of the industry: aggregated across US publicly traded companies in the group (not a single brand, not DTC specific).",,,damodaran,parsed from publisher file; gross margin = 1 - COGS/sales; ranges checked,high,Public company aggregate. Treat gross margin as an upper bound on a brand's contribution margin.
DAM_gross_margin_aggregate_044,A,DAMODARAN_MARGINS,gross_margin_aggregate,Household Products,industry:Household Products,,US,2026-01-05,0.510442,,,ratio,110.0,aggregate,aggregate_public_company_margin,"Gross margin of the industry: aggregated across US publicly traded companies in the group (not a single brand, not DTC specific).",,,damodaran,parsed from publisher file; gross margin = 1 - COGS/sales; ranges checked,high,Public company aggregate. Treat gross margin as an upper bound on a brand's contribution margin.
DAM_net_margin_aggregate_044,A,DAMODARAN_MARGINS,net_margin_aggregate,Household Products,industry:Household Products,,US,2026-01-05,0.116782,,,ratio,110.0,aggregate,aggregate_public_company_margin,"Net margin of the industry: aggregated across US publicly traded companies in the group (not a single brand, not DTC specific).",,,damodaran,parsed from publisher file; gross margin = 1 - COGS/sales; ranges checked,high,Public company aggregate. Treat gross margin as an upper bound on a brand's contribution margin.
DAM_gross_margin_aggregate_045,A,DAMODARAN_MARGINS,gross_margin_aggregate,Information Services,industry:Information Services,,US,2026-01-05,0.340837,,,ratio,15.0,aggregate,aggregate_public_company_margin,"Gross margin of the industry: aggregated across US publicly traded companies in the group (not a single brand, not DTC specific).",,,damodaran,parsed from publisher file; gross margin = 1 - COGS/sales; ranges checked,high,Public company aggregate. Treat gross margin as an upper bound on a brand's contribution margin.
DAM_net_margin_aggregate_045,A,DAMODARAN_MARGINS,net_margin_aggregate,Information Services,industry:Information Services,,US,2026-01-05,0.065254,,,ratio,15.0,aggregate,aggregate_public_company_margin,"Net margin of the industry: aggregated across US publicly traded companies in the group (not a single brand, not DTC specific).",,,damodaran,parsed from publisher file; gross margin = 1 - COGS/sales; ranges checked,high,Public company aggregate. Treat gross margin as an upper bound on a brand's contribution margin.
DAM_gross_margin_aggregate_046,A,DAMODARAN_MARGINS,gross_margin_aggregate,Insurance (General),industry:Insurance (General),,US,2026-01-05,0.446985,,,ratio,21.0,aggregate,aggregate_public_company_margin,"Gross margin of the industry: aggregated across US publicly traded companies in the group (not a single brand, not DTC specific).",,,damodaran,parsed from publisher file; gross margin = 1 - COGS/sales; ranges checked,high,Public company aggregate. Treat gross margin as an upper bound on a brand's contribution margin.
DAM_net_margin_aggregate_046,A,DAMODARAN_MARGINS,net_margin_aggregate,Insurance (General),industry:Insurance (General),,US,2026-01-05,0.123664,,,ratio,21.0,aggregate,aggregate_public_company_margin,"Net margin of the industry: aggregated across US publicly traded companies in the group (not a single brand, not DTC specific).",,,damodaran,parsed from publisher file; gross margin = 1 - COGS/sales; ranges checked,high,Public company aggregate. Treat gross margin as an upper bound on a brand's contribution margin.
DAM_gross_margin_aggregate_047,A,DAMODARAN_MARGINS,gross_margin_aggregate,Insurance (Life),industry:Insurance (Life),,US,2026-01-05,0.299918,,,ratio,20.0,aggregate,aggregate_public_company_margin,"Gross margin of the industry: aggregated across US publicly traded companies in the group (not a single brand, not DTC specific).",,,damodaran,parsed from publisher file; gross margin = 1 - COGS/sales; ranges checked,high,Public company aggregate. Treat gross margin as an upper bound on a brand's contribution margin.
DAM_net_margin_aggregate_047,A,DAMODARAN_MARGINS,net_margin_aggregate,Insurance (Life),industry:Insurance (Life),,US,2026-01-05,0.077981,,,ratio,20.0,aggregate,aggregate_public_company_margin,"Net margin of the industry: aggregated across US publicly traded companies in the group (not a single brand, not DTC specific).",,,damodaran,parsed from publisher file; gross margin = 1 - COGS/sales; ranges checked,high,Public company aggregate. Treat gross margin as an upper bound on a brand's contribution margin.
DAM_gross_margin_aggregate_048,A,DAMODARAN_MARGINS,gross_margin_aggregate,Insurance (Prop/Cas.),industry:Insurance (Prop/Cas.),,US,2026-01-05,0.301901,,,ratio,57.0,aggregate,aggregate_public_company_margin,"Gross margin of the industry: aggregated across US publicly traded companies in the group (not a single brand, not DTC specific).",,,damodaran,parsed from publisher file; gross margin = 1 - COGS/sales; ranges checked,high,Public company aggregate. Treat gross margin as an upper bound on a brand's contribution margin.
DAM_net_margin_aggregate_048,A,DAMODARAN_MARGINS,net_margin_aggregate,Insurance (Prop/Cas.),industry:Insurance (Prop/Cas.),,US,2026-01-05,0.11133,,,ratio,57.0,aggregate,aggregate_public_company_margin,"Net margin of the industry: aggregated across US publicly traded companies in the group (not a single brand, not DTC specific).",,,damodaran,parsed from publisher file; gross margin = 1 - COGS/sales; ranges checked,high,Public company aggregate. Treat gross margin as an upper bound on a brand's contribution margin.
DAM_gross_margin_aggregate_049,A,DAMODARAN_MARGINS,gross_margin_aggregate,Investments & Asset Management,industry:Investments & Asset Management,,US,2026-01-05,0.697681,,,ratio,283.0,aggregate,aggregate_public_company_margin,"Gross margin of the industry: aggregated across US publicly traded companies in the group (not a single brand, not DTC specific).",,,damodaran,parsed from publisher file; gross margin = 1 - COGS/sales; ranges checked,high,Public company aggregate. Treat gross margin as an upper bound on a brand's contribution margin.
DAM_net_margin_aggregate_049,A,DAMODARAN_MARGINS,net_margin_aggregate,Investments & Asset Management,industry:Investments & Asset Management,,US,2026-01-05,0.18362,,,ratio,283.0,aggregate,aggregate_public_company_margin,"Net margin of the industry: aggregated across US publicly traded companies in the group (not a single brand, not DTC specific).",,,damodaran,parsed from publisher file; gross margin = 1 - COGS/sales; ranges checked,high,Public company aggregate. Treat gross margin as an upper bound on a brand's contribution margin.
DAM_gross_margin_aggregate_050,A,DAMODARAN_MARGINS,gross_margin_aggregate,Machinery,industry:Machinery,,US,2026-01-05,0.374733,,,ratio,105.0,aggregate,aggregate_public_company_margin,"Gross margin of the industry: aggregated across US publicly traded companies in the group (not a single brand, not DTC specific).",,,damodaran,parsed from publisher file; gross margin = 1 - COGS/sales; ranges checked,high,Public company aggregate. Treat gross margin as an upper bound on a brand's contribution margin.
DAM_net_margin_aggregate_050,A,DAMODARAN_MARGINS,net_margin_aggregate,Machinery,industry:Machinery,,US,2026-01-05,0.105787,,,ratio,105.0,aggregate,aggregate_public_company_margin,"Net margin of the industry: aggregated across US publicly traded companies in the group (not a single brand, not DTC specific).",,,damodaran,parsed from publisher file; gross margin = 1 - COGS/sales; ranges checked,high,Public company aggregate. Treat gross margin as an upper bound on a brand's contribution margin.
DAM_gross_margin_aggregate_051,A,DAMODARAN_MARGINS,gross_margin_aggregate,Metals & Mining,industry:Metals & Mining,,US,2026-01-05,0.346844,,,ratio,73.0,aggregate,aggregate_public_company_margin,"Gross margin of the industry: aggregated across US publicly traded companies in the group (not a single brand, not DTC specific).",,,damodaran,parsed from publisher file; gross margin = 1 - COGS/sales; ranges checked,high,Public company aggregate. Treat gross margin as an upper bound on a brand's contribution margin.
DAM_net_margin_aggregate_051,A,DAMODARAN_MARGINS,net_margin_aggregate,Metals & Mining,industry:Metals & Mining,,US,2026-01-05,0.105167,,,ratio,73.0,aggregate,aggregate_public_company_margin,"Net margin of the industry: aggregated across US publicly traded companies in the group (not a single brand, not DTC specific).",,,damodaran,parsed from publisher file; gross margin = 1 - COGS/sales; ranges checked,high,Public company aggregate. Treat gross margin as an upper bound on a brand's contribution margin.
DAM_gross_margin_aggregate_052,A,DAMODARAN_MARGINS,gross_margin_aggregate,Office Equipment & Services,industry:Office Equipment & Services,,US,2026-01-05,0.414304,,,ratio,14.0,aggregate,aggregate_public_company_margin,"Gross margin of the industry: aggregated across US publicly traded companies in the group (not a single brand, not DTC specific).",,,damodaran,parsed from publisher file; gross margin = 1 - COGS/sales; ranges checked,high,Public company aggregate. Treat gross margin as an upper bound on a brand's contribution margin.
DAM_net_margin_aggregate_052,A,DAMODARAN_MARGINS,net_margin_aggregate,Office Equipment & Services,industry:Office Equipment & Services,,US,2026-01-05,0.043751,,,ratio,14.0,aggregate,aggregate_public_company_margin,"Net margin of the industry: aggregated across US publicly traded companies in the group (not a single brand, not DTC specific).",,,damodaran,parsed from publisher file; gross margin = 1 - COGS/sales; ranges checked,high,Public company aggregate. Treat gross margin as an upper bound on a brand's contribution margin.
DAM_gross_margin_aggregate_053,A,DAMODARAN_MARGINS,gross_margin_aggregate,Oil/Gas (Integrated),industry:Oil/Gas (Integrated),,US,2026-01-05,0.36082,,,ratio,4.0,aggregate,aggregate_public_company_margin,"Gross margin of the industry: aggregated across US publicly traded companies in the group (not a single brand, not DTC specific).",,,damodaran,parsed from publisher file; gross margin = 1 - COGS/sales; ranges checked,high,Public company aggregate. Treat gross margin as an upper bound on a brand's contribution margin.
DAM_net_margin_aggregate_053,A,DAMODARAN_MARGINS,net_margin_aggregate,Oil/Gas (Integrated),industry:Oil/Gas (Integrated),,US,2026-01-05,0.08297,,,ratio,4.0,aggregate,aggregate_public_company_margin,"Net margin of the industry: aggregated across US publicly traded companies in the group (not a single brand, not DTC specific).",,,damodaran,parsed from publisher file; gross margin = 1 - COGS/sales; ranges checked,high,Public company aggregate. Treat gross margin as an upper bound on a brand's contribution margin.
DAM_gross_margin_aggregate_054,A,DAMODARAN_MARGINS,gross_margin_aggregate,Oil/Gas (Production and Exploration),industry:Oil/Gas (Production and Exploration),,US,2026-01-05,0.571937,,,ratio,142.0,aggregate,aggregate_public_company_margin,"Gross margin of the industry: aggregated across US publicly traded companies in the group (not a single brand, not DTC specific).",,,damodaran,parsed from publisher file; gross margin = 1 - COGS/sales; ranges checked,high,Public company aggregate. Treat gross margin as an upper bound on a brand's contribution margin.
DAM_net_margin_aggregate_054,A,DAMODARAN_MARGINS,net_margin_aggregate,Oil/Gas (Production and Exploration),industry:Oil/Gas (Production and Exploration),,US,2026-01-05,0.146304,,,ratio,142.0,aggregate,aggregate_public_company_margin,"Net margin of the industry: aggregated across US publicly traded companies in the group (not a single brand, not DTC specific).",,,damodaran,parsed from publisher file; gross margin = 1 - COGS/sales; ranges checked,high,Public company aggregate. Treat gross margin as an upper bound on a brand's contribution margin.
DAM_gross_margin_aggregate_055,A,DAMODARAN_MARGINS,gross_margin_aggregate,Oil/Gas Distribution,industry:Oil/Gas Distribution,,US,2026-01-05,0.433677,,,ratio,23.0,aggregate,aggregate_public_company_margin,"Gross margin of the industry: aggregated across US publicly traded companies in the group (not a single brand, not DTC specific).",,,damodaran,parsed from publisher file; gross margin = 1 - COGS/sales; ranges checked,high,Public company aggregate. Treat gross margin as an upper bound on a brand's contribution margin.
DAM_net_margin_aggregate_055,A,DAMODARAN_MARGINS,net_margin_aggregate,Oil/Gas Distribution,industry:Oil/Gas Distribution,,US,2026-01-05,0.133509,,,ratio,23.0,aggregate,aggregate_public_company_margin,"Net margin of the industry: aggregated across US publicly traded companies in the group (not a single brand, not DTC specific).",,,damodaran,parsed from publisher file; gross margin = 1 - COGS/sales; ranges checked,high,Public company aggregate. Treat gross margin as an upper bound on a brand's contribution margin.
DAM_gross_margin_aggregate_056,A,DAMODARAN_MARGINS,gross_margin_aggregate,Oilfield Svcs/Equip.,industry:Oilfield Svcs/Equip.,,US,2026-01-05,0.110907,,,ratio,97.0,aggregate,aggregate_public_company_margin,"Gross margin of the industry: aggregated across US publicly traded companies in the group (not a single brand, not DTC specific).",,,damodaran,parsed from publisher file; gross margin = 1 - COGS/sales; ranges checked,high,Public company aggregate. Treat gross margin as an upper bound on a brand's contribution margin.
DAM_net_margin_aggregate_056,A,DAMODARAN_MARGINS,net_margin_aggregate,Oilfield Svcs/Equip.,industry:Oilfield Svcs/Equip.,,US,2026-01-05,0.023377,,,ratio,97.0,aggregate,aggregate_public_company_margin,"Net margin of the industry: aggregated across US publicly traded companies in the group (not a single brand, not DTC specific).",,,damodaran,parsed from publisher file; gross margin = 1 - COGS/sales; ranges checked,high,Public company aggregate. Treat gross margin as an upper bound on a brand's contribution margin.
DAM_gross_margin_aggregate_057,A,DAMODARAN_MARGINS,gross_margin_aggregate,Packaging & Container,industry:Packaging & Container,,US,2026-01-05,0.242701,,,ratio,19.0,aggregate,aggregate_public_company_margin,"Gross margin of the industry: aggregated across US publicly traded companies in the group (not a single brand, not DTC specific).",,,damodaran,parsed from publisher file; gross margin = 1 - COGS/sales; ranges checked,high,Public company aggregate. Treat gross margin as an upper bound on a brand's contribution margin.
DAM_net_margin_aggregate_057,A,DAMODARAN_MARGINS,net_margin_aggregate,Packaging & Container,industry:Packaging & Container,,US,2026-01-05,0.044761,,,ratio,19.0,aggregate,aggregate_public_company_margin,"Net margin of the industry: aggregated across US publicly traded companies in the group (not a single brand, not DTC specific).",,,damodaran,parsed from publisher file; gross margin = 1 - COGS/sales; ranges checked,high,Public company aggregate. Treat gross margin as an upper bound on a brand's contribution margin.
DAM_gross_margin_aggregate_058,A,DAMODARAN_MARGINS,gross_margin_aggregate,Paper/Forest Products,industry:Paper/Forest Products,,US,2026-01-05,0.171366,,,ratio,6.0,aggregate,aggregate_public_company_margin,"Gross margin of the industry: aggregated across US publicly traded companies in the group (not a single brand, not DTC specific).",,,damodaran,parsed from publisher file; gross margin = 1 - COGS/sales; ranges checked,high,Public company aggregate. Treat gross margin as an upper bound on a brand's contribution margin.
DAM_net_margin_aggregate_058,A,DAMODARAN_MARGINS,net_margin_aggregate,Paper/Forest Products,industry:Paper/Forest Products,,US,2026-01-05,0.034435,,,ratio,6.0,aggregate,aggregate_public_company_margin,"Net margin of the industry: aggregated across US publicly traded companies in the group (not a single brand, not DTC specific).",,,damodaran,parsed from publisher file; gross margin = 1 - COGS/sales; ranges checked,high,Public company aggregate. Treat gross margin as an upper bound on a brand's contribution margin.
DAM_gross_margin_aggregate_059,A,DAMODARAN_MARGINS,gross_margin_aggregate,Power,industry:Power,,US,2026-01-05,0.43574,,,ratio,46.0,aggregate,aggregate_public_company_margin,"Gross margin of the industry: aggregated across US publicly traded companies in the group (not a single brand, not DTC specific).",,,damodaran,parsed from publisher file; gross margin = 1 - COGS/sales; ranges checked,high,Public company aggregate. Treat gross margin as an upper bound on a brand's contribution margin.
DAM_net_margin_aggregate_059,A,DAMODARAN_MARGINS,net_margin_aggregate,Power,industry:Power,,US,2026-01-05,0.127268,,,ratio,46.0,aggregate,aggregate_public_company_margin,"Net margin of the industry: aggregated across US publicly traded companies in the group (not a single brand, not DTC specific).",,,damodaran,parsed from publisher file; gross margin = 1 - COGS/sales; ranges checked,high,Public company aggregate. Treat gross margin as an upper bound on a brand's contribution margin.
DAM_gross_margin_aggregate_060,A,DAMODARAN_MARGINS,gross_margin_aggregate,Precious Metals,industry:Precious Metals,,US,2026-01-05,0.550193,,,ratio,56.0,aggregate,aggregate_public_company_margin,"Gross margin of the industry: aggregated across US publicly traded companies in the group (not a single brand, not DTC specific).",,,damodaran,parsed from publisher file; gross margin = 1 - COGS/sales; ranges checked,high,Public company aggregate. Treat gross margin as an upper bound on a brand's contribution margin.
DAM_net_margin_aggregate_060,A,DAMODARAN_MARGINS,net_margin_aggregate,Precious Metals,industry:Precious Metals,,US,2026-01-05,0.285852,,,ratio,56.0,aggregate,aggregate_public_company_margin,"Net margin of the industry: aggregated across US publicly traded companies in the group (not a single brand, not DTC specific).",,,damodaran,parsed from publisher file; gross margin = 1 - COGS/sales; ranges checked,high,Public company aggregate. Treat gross margin as an upper bound on a brand's contribution margin.
DAM_gross_margin_aggregate_061,A,DAMODARAN_MARGINS,gross_margin_aggregate,Publishing & Newspapers,industry:Publishing & Newspapers,,US,2026-01-05,0.504422,,,ratio,19.0,aggregate,aggregate_public_company_margin,"Gross margin of the industry: aggregated across US publicly traded companies in the group (not a single brand, not DTC specific).",,,damodaran,parsed from publisher file; gross margin = 1 - COGS/sales; ranges checked,high,Public company aggregate. Treat gross margin as an upper bound on a brand's contribution margin.
DAM_net_margin_aggregate_061,A,DAMODARAN_MARGINS,net_margin_aggregate,Publishing & Newspapers,industry:Publishing & Newspapers,,US,2026-01-05,0.081873,,,ratio,19.0,aggregate,aggregate_public_company_margin,"Net margin of the industry: aggregated across US publicly traded companies in the group (not a single brand, not DTC specific).",,,damodaran,parsed from publisher file; gross margin = 1 - COGS/sales; ranges checked,high,Public company aggregate. Treat gross margin as an upper bound on a brand's contribution margin.
DAM_gross_margin_aggregate_062,A,DAMODARAN_MARGINS,gross_margin_aggregate,R.E.I.T.,industry:R.E.I.T.,,US,2026-01-05,0.580752,,,ratio,190.0,aggregate,aggregate_public_company_margin,"Gross margin of the industry: aggregated across US publicly traded companies in the group (not a single brand, not DTC specific).",,,damodaran,parsed from publisher file; gross margin = 1 - COGS/sales; ranges checked,high,Public company aggregate. Treat gross margin as an upper bound on a brand's contribution margin.
DAM_net_margin_aggregate_062,A,DAMODARAN_MARGINS,net_margin_aggregate,R.E.I.T.,industry:R.E.I.T.,,US,2026-01-05,0.132334,,,ratio,190.0,aggregate,aggregate_public_company_margin,"Net margin of the industry: aggregated across US publicly traded companies in the group (not a single brand, not DTC specific).",,,damodaran,parsed from publisher file; gross margin = 1 - COGS/sales; ranges checked,high,Public company aggregate. Treat gross margin as an upper bound on a brand's contribution margin.
DAM_gross_margin_aggregate_063,A,DAMODARAN_MARGINS,gross_margin_aggregate,Real Estate (Development),industry:Real Estate (Development),,US,2026-01-05,0.352704,,,ratio,14.0,aggregate,aggregate_public_company_margin,"Gross margin of the industry: aggregated across US publicly traded companies in the group (not a single brand, not DTC specific).",,,damodaran,parsed from publisher file; gross margin = 1 - COGS/sales; ranges checked,high,Public company aggregate. Treat gross margin as an upper bound on a brand's contribution margin.
DAM_net_margin_aggregate_063,A,DAMODARAN_MARGINS,net_margin_aggregate,Real Estate (Development),industry:Real Estate (Development),,US,2026-01-05,0.070104,,,ratio,14.0,aggregate,aggregate_public_company_margin,"Net margin of the industry: aggregated across US publicly traded companies in the group (not a single brand, not DTC specific).",,,damodaran,parsed from publisher file; gross margin = 1 - COGS/sales; ranges checked,high,Public company aggregate. Treat gross margin as an upper bound on a brand's contribution margin.
DAM_gross_margin_aggregate_064,A,DAMODARAN_MARGINS,gross_margin_aggregate,Real Estate (General/Diversified),industry:Real Estate (General/Diversified),,US,2026-01-05,0.512306,,,ratio,12.0,aggregate,aggregate_public_company_margin,"Gross margin of the industry: aggregated across US publicly traded companies in the group (not a single brand, not DTC specific).",,,damodaran,parsed from publisher file; gross margin = 1 - COGS/sales; ranges checked,high,Public company aggregate. Treat gross margin as an upper bound on a brand's contribution margin.
DAM_net_margin_aggregate_064,A,DAMODARAN_MARGINS,net_margin_aggregate,Real Estate (General/Diversified),industry:Real Estate (General/Diversified),,US,2026-01-05,0.237653,,,ratio,12.0,aggregate,aggregate_public_company_margin,"Net margin of the industry: aggregated across US publicly traded companies in the group (not a single brand, not DTC specific).",,,damodaran,parsed from publisher file; gross margin = 1 - COGS/sales; ranges checked,high,Public company aggregate. Treat gross margin as an upper bound on a brand's contribution margin.
DAM_gross_margin_aggregate_065,A,DAMODARAN_MARGINS,gross_margin_aggregate,Real Estate (Operations & Services),industry:Real Estate (Operations & Services),,US,2026-01-05,0.322146,,,ratio,54.0,aggregate,aggregate_public_company_margin,"Gross margin of the industry: aggregated across US publicly traded companies in the group (not a single brand, not DTC specific).",,,damodaran,parsed from publisher file; gross margin = 1 - COGS/sales; ranges checked,high,Public company aggregate. Treat gross margin as an upper bound on a brand's contribution margin.
DAM_net_margin_aggregate_065,A,DAMODARAN_MARGINS,net_margin_aggregate,Real Estate (Operations & Services),industry:Real Estate (Operations & Services),,US,2026-01-05,0.01192,,,ratio,54.0,aggregate,aggregate_public_company_margin,"Net margin of the industry: aggregated across US publicly traded companies in the group (not a single brand, not DTC specific).",,,damodaran,parsed from publisher file; gross margin = 1 - COGS/sales; ranges checked,high,Public company aggregate. Treat gross margin as an upper bound on a brand's contribution margin.
DAM_gross_margin_aggregate_066,A,DAMODARAN_MARGINS,gross_margin_aggregate,Recreation,industry:Recreation,,US,2026-01-05,0.397934,,,ratio,49.0,aggregate,aggregate_public_company_margin,"Gross margin of the industry: aggregated across US publicly traded companies in the group (not a single brand, not DTC specific).",,,damodaran,parsed from publisher file; gross margin = 1 - COGS/sales; ranges checked,high,Public company aggregate. Treat gross margin as an upper bound on a brand's contribution margin.
DAM_net_margin_aggregate_066,A,DAMODARAN_MARGINS,net_margin_aggregate,Recreation,industry:Recreation,,US,2026-01-05,-0.047197,,,ratio,49.0,aggregate,aggregate_public_company_margin,"Net margin of the industry: aggregated across US publicly traded companies in the group (not a single brand, not DTC specific).",,,damodaran,parsed from publisher file; gross margin = 1 - COGS/sales; ranges checked,high,Public company aggregate. Treat gross margin as an upper bound on a brand's contribution margin.
DAM_gross_margin_aggregate_067,A,DAMODARAN_MARGINS,gross_margin_aggregate,Reinsurance,industry:Reinsurance,,US,2026-01-05,0.132129,,,ratio,1.0,aggregate,aggregate_public_company_margin,"Gross margin of the industry: aggregated across US publicly traded companies in the group (not a single brand, not DTC specific).",,,damodaran,parsed from publisher file; gross margin = 1 - COGS/sales; ranges checked,high,Public company aggregate. Treat gross margin as an upper bound on a brand's contribution margin.
DAM_net_margin_aggregate_067,A,DAMODARAN_MARGINS,net_margin_aggregate,Reinsurance,industry:Reinsurance,,US,2026-01-05,0.038872,,,ratio,1.0,aggregate,aggregate_public_company_margin,"Net margin of the industry: aggregated across US publicly traded companies in the group (not a single brand, not DTC specific).",,,damodaran,parsed from publisher file; gross margin = 1 - COGS/sales; ranges checked,high,Public company aggregate. Treat gross margin as an upper bound on a brand's contribution margin.
DAM_gross_margin_aggregate_068,A,DAMODARAN_MARGINS,gross_margin_aggregate,Restaurant/Dining,industry:Restaurant/Dining,,US,2026-01-05,0.322406,,,ratio,64.0,aggregate,aggregate_public_company_margin,"Gross margin of the industry: aggregated across US publicly traded companies in the group (not a single brand, not DTC specific).",,,damodaran,parsed from publisher file; gross margin = 1 - COGS/sales; ranges checked,high,Public company aggregate. Treat gross margin as an upper bound on a brand's contribution margin.
DAM_net_margin_aggregate_068,A,DAMODARAN_MARGINS,net_margin_aggregate,Restaurant/Dining,industry:Restaurant/Dining,,US,2026-01-05,0.093684,,,ratio,64.0,aggregate,aggregate_public_company_margin,"Net margin of the industry: aggregated across US publicly traded companies in the group (not a single brand, not DTC specific).",,,damodaran,parsed from publisher file; gross margin = 1 - COGS/sales; ranges checked,high,Public company aggregate. Treat gross margin as an upper bound on a brand's contribution margin.
DAM_gross_margin_aggregate_069,A,DAMODARAN_MARGINS,gross_margin_aggregate,Retail (Automotive),industry:Retail (Automotive),,US,2026-01-05,0.21956,,,ratio,34.0,aggregate,aggregate_public_company_margin,"Gross margin of the industry: aggregated across US publicly traded companies in the group (not a single brand, not DTC specific).",,,damodaran,parsed from publisher file; gross margin = 1 - COGS/sales; ranges checked,high,Public company aggregate. Treat gross margin as an upper bound on a brand's contribution margin.
DAM_net_margin_aggregate_069,A,DAMODARAN_MARGINS,net_margin_aggregate,Retail (Automotive),industry:Retail (Automotive),,US,2026-01-05,0.033628,,,ratio,34.0,aggregate,aggregate_public_company_margin,"Net margin of the industry: aggregated across US publicly traded companies in the group (not a single brand, not DTC specific).",,,damodaran,parsed from publisher file; gross margin = 1 - COGS/sales; ranges checked,high,Public company aggregate. Treat gross margin as an upper bound on a brand's contribution margin.
DAM_gross_margin_aggregate_070,A,DAMODARAN_MARGINS,gross_margin_aggregate,Retail (Building Supply),industry:Retail (Building Supply),,US,2026-01-05,0.342189,,,ratio,14.0,aggregate,aggregate_public_company_margin,"Gross margin of the industry: aggregated across US publicly traded companies in the group (not a single brand, not DTC specific).",,,damodaran,parsed from publisher file; gross margin = 1 - COGS/sales; ranges checked,high,Public company aggregate. Treat gross margin as an upper bound on a brand's contribution margin.
DAM_net_margin_aggregate_070,A,DAMODARAN_MARGINS,net_margin_aggregate,Retail (Building Supply),industry:Retail (Building Supply),,US,2026-01-05,0.078443,,,ratio,14.0,aggregate,aggregate_public_company_margin,"Net margin of the industry: aggregated across US publicly traded companies in the group (not a single brand, not DTC specific).",,,damodaran,parsed from publisher file; gross margin = 1 - COGS/sales; ranges checked,high,Public company aggregate. Treat gross margin as an upper bound on a brand's contribution margin.
DAM_gross_margin_aggregate_071,A,DAMODARAN_MARGINS,gross_margin_aggregate,Retail (Distributors),industry:Retail (Distributors),,US,2026-01-05,0.305721,,,ratio,62.0,aggregate,aggregate_public_company_margin,"Gross margin of the industry: aggregated across US publicly traded companies in the group (not a single brand, not DTC specific).",,,damodaran,parsed from publisher file; gross margin = 1 - COGS/sales; ranges checked,high,Public company aggregate. Treat gross margin as an upper bound on a brand's contribution margin.
DAM_net_margin_aggregate_071,A,DAMODARAN_MARGINS,net_margin_aggregate,Retail (Distributors),industry:Retail (Distributors),,US,2026-01-05,0.060545,,,ratio,62.0,aggregate,aggregate_public_company_margin,"Net margin of the industry: aggregated across US publicly traded companies in the group (not a single brand, not DTC specific).",,,damodaran,parsed from publisher file; gross margin = 1 - COGS/sales; ranges checked,high,Public company aggregate. Treat gross margin as an upper bound on a brand's contribution margin.
DAM_gross_margin_aggregate_072,A,DAMODARAN_MARGINS,gross_margin_aggregate,Retail (General),industry:Retail (General),,US,2026-01-05,0.331764,,,ratio,23.0,aggregate,aggregate_public_company_margin,"Gross margin of the industry: aggregated across US publicly traded companies in the group (not a single brand, not DTC specific).",,,damodaran,parsed from publisher file; gross margin = 1 - COGS/sales; ranges checked,high,Public company aggregate. Treat gross margin as an upper bound on a brand's contribution margin.
DAM_net_margin_aggregate_072,A,DAMODARAN_MARGINS,net_margin_aggregate,Retail (General),industry:Retail (General),,US,2026-01-05,0.056113,,,ratio,23.0,aggregate,aggregate_public_company_margin,"Net margin of the industry: aggregated across US publicly traded companies in the group (not a single brand, not DTC specific).",,,damodaran,parsed from publisher file; gross margin = 1 - COGS/sales; ranges checked,high,Public company aggregate. Treat gross margin as an upper bound on a brand's contribution margin.
DAM_gross_margin_aggregate_073,A,DAMODARAN_MARGINS,gross_margin_aggregate,Retail (Grocery and Food),industry:Retail (Grocery and Food),,US,2026-01-05,0.263149,,,ratio,15.0,aggregate,aggregate_public_company_margin,"Gross margin of the industry: aggregated across US publicly traded companies in the group (not a single brand, not DTC specific).",,,damodaran,parsed from publisher file; gross margin = 1 - COGS/sales; ranges checked,high,Public company aggregate. Treat gross margin as an upper bound on a brand's contribution margin.
DAM_net_margin_aggregate_073,A,DAMODARAN_MARGINS,net_margin_aggregate,Retail (Grocery and Food),industry:Retail (Grocery and Food),,US,2026-01-05,0.013206,,,ratio,15.0,aggregate,aggregate_public_company_margin,"Net margin of the industry: aggregated across US publicly traded companies in the group (not a single brand, not DTC specific).",,,damodaran,parsed from publisher file; gross margin = 1 - COGS/sales; ranges checked,high,Public company aggregate. Treat gross margin as an upper bound on a brand's contribution margin.
DAM_gross_margin_aggregate_074,A,DAMODARAN_MARGINS,gross_margin_aggregate,Retail (REITs),industry:Retail (REITs),,US,2026-01-05,0.786107,,,ratio,26.0,aggregate,aggregate_public_company_margin,"Gross margin of the industry: aggregated across US publicly traded companies in the group (not a single brand, not DTC specific).",,,damodaran,parsed from publisher file; gross margin = 1 - COGS/sales; ranges checked,high,Public company aggregate. Treat gross margin as an upper bound on a brand's contribution margin.
DAM_net_margin_aggregate_074,A,DAMODARAN_MARGINS,net_margin_aggregate,Retail (REITs),industry:Retail (REITs),,US,2026-01-05,0.229976,,,ratio,26.0,aggregate,aggregate_public_company_margin,"Net margin of the industry: aggregated across US publicly traded companies in the group (not a single brand, not DTC specific).",,,damodaran,parsed from publisher file; gross margin = 1 - COGS/sales; ranges checked,high,Public company aggregate. Treat gross margin as an upper bound on a brand's contribution margin.
DAM_gross_margin_aggregate_075,A,DAMODARAN_MARGINS,gross_margin_aggregate,Retail (Special Lines),industry:Retail (Special Lines),,US,2026-01-05,0.353039,,,ratio,94.0,aggregate,aggregate_public_company_margin,"Gross margin of the industry: aggregated across US publicly traded companies in the group (not a single brand, not DTC specific).",,,damodaran,parsed from publisher file; gross margin = 1 - COGS/sales; ranges checked,high,Public company aggregate. Treat gross margin as an upper bound on a brand's contribution margin.
DAM_net_margin_aggregate_075,A,DAMODARAN_MARGINS,net_margin_aggregate,Retail (Special Lines),industry:Retail (Special Lines),,US,2026-01-05,0.051898,,,ratio,94.0,aggregate,aggregate_public_company_margin,"Net margin of the industry: aggregated across US publicly traded companies in the group (not a single brand, not DTC specific).",,,damodaran,parsed from publisher file; gross margin = 1 - COGS/sales; ranges checked,high,Public company aggregate. Treat gross margin as an upper bound on a brand's contribution margin.
DAM_gross_margin_aggregate_076,A,DAMODARAN_MARGINS,gross_margin_aggregate,Rubber& Tires,industry:Rubber& Tires,,US,2026-01-05,0.179901,,,ratio,3.0,aggregate,aggregate_public_company_margin,"Gross margin of the industry: aggregated across US publicly traded companies in the group (not a single brand, not DTC specific).",,,damodaran,parsed from publisher file; gross margin = 1 - COGS/sales; ranges checked,high,Public company aggregate. Treat gross margin as an upper bound on a brand's contribution margin.
DAM_net_margin_aggregate_076,A,DAMODARAN_MARGINS,net_margin_aggregate,Rubber& Tires,industry:Rubber& Tires,,US,2026-01-05,-0.094907,,,ratio,3.0,aggregate,aggregate_public_company_margin,"Net margin of the industry: aggregated across US publicly traded companies in the group (not a single brand, not DTC specific).",,,damodaran,parsed from publisher file; gross margin = 1 - COGS/sales; ranges checked,high,Public company aggregate. Treat gross margin as an upper bound on a brand's contribution margin.
DAM_gross_margin_aggregate_077,A,DAMODARAN_MARGINS,gross_margin_aggregate,Semiconductor,industry:Semiconductor,,US,2026-01-05,0.589721,,,ratio,66.0,aggregate,aggregate_public_company_margin,"Gross margin of the industry: aggregated across US publicly traded companies in the group (not a single brand, not DTC specific).",,,damodaran,parsed from publisher file; gross margin = 1 - COGS/sales; ranges checked,high,Public company aggregate. Treat gross margin as an upper bound on a brand's contribution margin.
DAM_net_margin_aggregate_077,A,DAMODARAN_MARGINS,net_margin_aggregate,Semiconductor,industry:Semiconductor,,US,2026-01-05,0.30446,,,ratio,66.0,aggregate,aggregate_public_company_margin,"Net margin of the industry: aggregated across US publicly traded companies in the group (not a single brand, not DTC specific).",,,damodaran,parsed from publisher file; gross margin = 1 - COGS/sales; ranges checked,high,Public company aggregate. Treat gross margin as an upper bound on a brand's contribution margin.
DAM_gross_margin_aggregate_078,A,DAMODARAN_MARGINS,gross_margin_aggregate,Semiconductor Equip,industry:Semiconductor Equip,,US,2026-01-05,0.463214,,,ratio,31.0,aggregate,aggregate_public_company_margin,"Gross margin of the industry: aggregated across US publicly traded companies in the group (not a single brand, not DTC specific).",,,damodaran,parsed from publisher file; gross margin = 1 - COGS/sales; ranges checked,high,Public company aggregate. Treat gross margin as an upper bound on a brand's contribution margin.
DAM_net_margin_aggregate_078,A,DAMODARAN_MARGINS,net_margin_aggregate,Semiconductor Equip,industry:Semiconductor Equip,,US,2026-01-05,0.213155,,,ratio,31.0,aggregate,aggregate_public_company_margin,"Net margin of the industry: aggregated across US publicly traded companies in the group (not a single brand, not DTC specific).",,,damodaran,parsed from publisher file; gross margin = 1 - COGS/sales; ranges checked,high,Public company aggregate. Treat gross margin as an upper bound on a brand's contribution margin.
DAM_gross_margin_aggregate_079,A,DAMODARAN_MARGINS,gross_margin_aggregate,Shipbuilding & Marine,industry:Shipbuilding & Marine,,US,2026-01-05,0.270775,,,ratio,8.0,aggregate,aggregate_public_company_margin,"Gross margin of the industry: aggregated across US publicly traded companies in the group (not a single brand, not DTC specific).",,,damodaran,parsed from publisher file; gross margin = 1 - COGS/sales; ranges checked,high,Public company aggregate. Treat gross margin as an upper bound on a brand's contribution margin.
DAM_net_margin_aggregate_079,A,DAMODARAN_MARGINS,net_margin_aggregate,Shipbuilding & Marine,industry:Shipbuilding & Marine,,US,2026-01-05,0.094806,,,ratio,8.0,aggregate,aggregate_public_company_margin,"Net margin of the industry: aggregated across US publicly traded companies in the group (not a single brand, not DTC specific).",,,damodaran,parsed from publisher file; gross margin = 1 - COGS/sales; ranges checked,high,Public company aggregate. Treat gross margin as an upper bound on a brand's contribution margin.
DAM_gross_margin_aggregate_080,A,DAMODARAN_MARGINS,gross_margin_aggregate,Shoe,industry:Shoe,,US,2026-01-05,0.43883,,,ratio,11.0,aggregate,aggregate_public_company_margin,"Gross margin of the industry: aggregated across US publicly traded companies in the group (not a single brand, not DTC specific).",,,damodaran,parsed from publisher file; gross margin = 1 - COGS/sales; ranges checked,high,Public company aggregate. Treat gross margin as an upper bound on a brand's contribution margin.
DAM_net_margin_aggregate_080,A,DAMODARAN_MARGINS,net_margin_aggregate,Shoe,industry:Shoe,,US,2026-01-05,0.062713,,,ratio,11.0,aggregate,aggregate_public_company_margin,"Net margin of the industry: aggregated across US publicly traded companies in the group (not a single brand, not DTC specific).",,,damodaran,parsed from publisher file; gross margin = 1 - COGS/sales; ranges checked,high,Public company aggregate. Treat gross margin as an upper bound on a brand's contribution margin.
DAM_gross_margin_aggregate_081,A,DAMODARAN_MARGINS,gross_margin_aggregate,Software (Entertainment),industry:Software (Entertainment),,US,2026-01-05,0.664454,,,ratio,77.0,aggregate,aggregate_public_company_margin,"Gross margin of the industry: aggregated across US publicly traded companies in the group (not a single brand, not DTC specific).",,,damodaran,parsed from publisher file; gross margin = 1 - COGS/sales; ranges checked,high,Public company aggregate. Treat gross margin as an upper bound on a brand's contribution margin.
DAM_net_margin_aggregate_081,A,DAMODARAN_MARGINS,net_margin_aggregate,Software (Entertainment),industry:Software (Entertainment),,US,2026-01-05,0.299303,,,ratio,77.0,aggregate,aggregate_public_company_margin,"Net margin of the industry: aggregated across US publicly traded companies in the group (not a single brand, not DTC specific).",,,damodaran,parsed from publisher file; gross margin = 1 - COGS/sales; ranges checked,high,Public company aggregate. Treat gross margin as an upper bound on a brand's contribution margin.
DAM_gross_margin_aggregate_082,A,DAMODARAN_MARGINS,gross_margin_aggregate,Software (Internet),industry:Software (Internet),,US,2026-01-05,0.625787,,,ratio,29.0,aggregate,aggregate_public_company_margin,"Gross margin of the industry: aggregated across US publicly traded companies in the group (not a single brand, not DTC specific).",,,damodaran,parsed from publisher file; gross margin = 1 - COGS/sales; ranges checked,high,Public company aggregate. Treat gross margin as an upper bound on a brand's contribution margin.
DAM_net_margin_aggregate_082,A,DAMODARAN_MARGINS,net_margin_aggregate,Software (Internet),industry:Software (Internet),,US,2026-01-05,-0.009326,,,ratio,29.0,aggregate,aggregate_public_company_margin,"Net margin of the industry: aggregated across US publicly traded companies in the group (not a single brand, not DTC specific).",,,damodaran,parsed from publisher file; gross margin = 1 - COGS/sales; ranges checked,high,Public company aggregate. Treat gross margin as an upper bound on a brand's contribution margin.
DAM_gross_margin_aggregate_083,A,DAMODARAN_MARGINS,gross_margin_aggregate,Software (System & Application),industry:Software (System & Application),,US,2026-01-05,0.717207,,,ratio,309.0,aggregate,aggregate_public_company_margin,"Gross margin of the industry: aggregated across US publicly traded companies in the group (not a single brand, not DTC specific).",,,damodaran,parsed from publisher file; gross margin = 1 - COGS/sales; ranges checked,high,Public company aggregate. Treat gross margin as an upper bound on a brand's contribution margin.
DAM_net_margin_aggregate_083,A,DAMODARAN_MARGINS,net_margin_aggregate,Software (System & Application),industry:Software (System & Application),,US,2026-01-05,0.25493,,,ratio,309.0,aggregate,aggregate_public_company_margin,"Net margin of the industry: aggregated across US publicly traded companies in the group (not a single brand, not DTC specific).",,,damodaran,parsed from publisher file; gross margin = 1 - COGS/sales; ranges checked,high,Public company aggregate. Treat gross margin as an upper bound on a brand's contribution margin.
DAM_gross_margin_aggregate_084,A,DAMODARAN_MARGINS,gross_margin_aggregate,Steel,industry:Steel,,US,2026-01-05,0.12246,,,ratio,19.0,aggregate,aggregate_public_company_margin,"Gross margin of the industry: aggregated across US publicly traded companies in the group (not a single brand, not DTC specific).",,,damodaran,parsed from publisher file; gross margin = 1 - COGS/sales; ranges checked,high,Public company aggregate. Treat gross margin as an upper bound on a brand's contribution margin.
DAM_net_margin_aggregate_084,A,DAMODARAN_MARGINS,net_margin_aggregate,Steel,industry:Steel,,US,2026-01-05,0.019254,,,ratio,19.0,aggregate,aggregate_public_company_margin,"Net margin of the industry: aggregated across US publicly traded companies in the group (not a single brand, not DTC specific).",,,damodaran,parsed from publisher file; gross margin = 1 - COGS/sales; ranges checked,high,Public company aggregate. Treat gross margin as an upper bound on a brand's contribution margin.
DAM_gross_margin_aggregate_085,A,DAMODARAN_MARGINS,gross_margin_aggregate,Telecom (Wireless),industry:Telecom (Wireless),,US,2026-01-05,0.629818,,,ratio,12.0,aggregate,aggregate_public_company_margin,"Gross margin of the industry: aggregated across US publicly traded companies in the group (not a single brand, not DTC specific).",,,damodaran,parsed from publisher file; gross margin = 1 - COGS/sales; ranges checked,high,Public company aggregate. Treat gross margin as an upper bound on a brand's contribution margin.
DAM_net_margin_aggregate_085,A,DAMODARAN_MARGINS,net_margin_aggregate,Telecom (Wireless),industry:Telecom (Wireless),,US,2026-01-05,0.122385,,,ratio,12.0,aggregate,aggregate_public_company_margin,"Net margin of the industry: aggregated across US publicly traded companies in the group (not a single brand, not DTC specific).",,,damodaran,parsed from publisher file; gross margin = 1 - COGS/sales; ranges checked,high,Public company aggregate. Treat gross margin as an upper bound on a brand's contribution margin.
DAM_gross_margin_aggregate_086,A,DAMODARAN_MARGINS,gross_margin_aggregate,Telecom. Equipment,industry:Telecom. Equipment,,US,2026-01-05,0.581356,,,ratio,57.0,aggregate,aggregate_public_company_margin,"Gross margin of the industry: aggregated across US publicly traded companies in the group (not a single brand, not DTC specific).",,,damodaran,parsed from publisher file; gross margin = 1 - COGS/sales; ranges checked,high,Public company aggregate. Treat gross margin as an upper bound on a brand's contribution margin.
DAM_net_margin_aggregate_086,A,DAMODARAN_MARGINS,net_margin_aggregate,Telecom. Equipment,industry:Telecom. Equipment,,US,2026-01-05,0.160899,,,ratio,57.0,aggregate,aggregate_public_company_margin,"Net margin of the industry: aggregated across US publicly traded companies in the group (not a single brand, not DTC specific).",,,damodaran,parsed from publisher file; gross margin = 1 - COGS/sales; ranges checked,high,Public company aggregate. Treat gross margin as an upper bound on a brand's contribution margin.
DAM_gross_margin_aggregate_087,A,DAMODARAN_MARGINS,gross_margin_aggregate,Telecom. Services,industry:Telecom. Services,,US,2026-01-05,0.588162,,,ratio,39.0,aggregate,aggregate_public_company_margin,"Gross margin of the industry: aggregated across US publicly traded companies in the group (not a single brand, not DTC specific).",,,damodaran,parsed from publisher file; gross margin = 1 - COGS/sales; ranges checked,high,Public company aggregate. Treat gross margin as an upper bound on a brand's contribution margin.
DAM_net_margin_aggregate_087,A,DAMODARAN_MARGINS,net_margin_aggregate,Telecom. Services,industry:Telecom. Services,,US,2026-01-05,0.141962,,,ratio,39.0,aggregate,aggregate_public_company_margin,"Net margin of the industry: aggregated across US publicly traded companies in the group (not a single brand, not DTC specific).",,,damodaran,parsed from publisher file; gross margin = 1 - COGS/sales; ranges checked,high,Public company aggregate. Treat gross margin as an upper bound on a brand's contribution margin.
DAM_gross_margin_aggregate_088,A,DAMODARAN_MARGINS,gross_margin_aggregate,Tobacco,industry:Tobacco,,US,2026-01-05,0.643109,,,ratio,10.0,aggregate,aggregate_public_company_margin,"Gross margin of the industry: aggregated across US publicly traded companies in the group (not a single brand, not DTC specific).",,,damodaran,parsed from publisher file; gross margin = 1 - COGS/sales; ranges checked,high,Public company aggregate. Treat gross margin as an upper bound on a brand's contribution margin.
DAM_net_margin_aggregate_088,A,DAMODARAN_MARGINS,net_margin_aggregate,Tobacco,industry:Tobacco,,US,2026-01-05,0.266542,,,ratio,10.0,aggregate,aggregate_public_company_margin,"Net margin of the industry: aggregated across US publicly traded companies in the group (not a single brand, not DTC specific).",,,damodaran,parsed from publisher file; gross margin = 1 - COGS/sales; ranges checked,high,Public company aggregate. Treat gross margin as an upper bound on a brand's contribution margin.
DAM_gross_margin_aggregate_089,A,DAMODARAN_MARGINS,gross_margin_aggregate,Transportation,industry:Transportation,,US,2026-01-05,0.241032,,,ratio,19.0,aggregate,aggregate_public_company_margin,"Gross margin of the industry: aggregated across US publicly traded companies in the group (not a single brand, not DTC specific).",,,damodaran,parsed from publisher file; gross margin = 1 - COGS/sales; ranges checked,high,Public company aggregate. Treat gross margin as an upper bound on a brand's contribution margin.
DAM_net_margin_aggregate_089,A,DAMODARAN_MARGINS,net_margin_aggregate,Transportation,industry:Transportation,,US,2026-01-05,0.082332,,,ratio,19.0,aggregate,aggregate_public_company_margin,"Net margin of the industry: aggregated across US publicly traded companies in the group (not a single brand, not DTC specific).",,,damodaran,parsed from publisher file; gross margin = 1 - COGS/sales; ranges checked,high,Public company aggregate. Treat gross margin as an upper bound on a brand's contribution margin.
DAM_gross_margin_aggregate_090,A,DAMODARAN_MARGINS,gross_margin_aggregate,Transportation (Railroads),industry:Transportation (Railroads),,US,2026-01-05,0.509579,,,ratio,4.0,aggregate,aggregate_public_company_margin,"Gross margin of the industry: aggregated across US publicly traded companies in the group (not a single brand, not DTC specific).",,,damodaran,parsed from publisher file; gross margin = 1 - COGS/sales; ranges checked,high,Public company aggregate. Treat gross margin as an upper bound on a brand's contribution margin.
DAM_net_margin_aggregate_090,A,DAMODARAN_MARGINS,net_margin_aggregate,Transportation (Railroads),industry:Transportation (Railroads),,US,2026-01-05,0.247259,,,ratio,4.0,aggregate,aggregate_public_company_margin,"Net margin of the industry: aggregated across US publicly traded companies in the group (not a single brand, not DTC specific).",,,damodaran,parsed from publisher file; gross margin = 1 - COGS/sales; ranges checked,high,Public company aggregate. Treat gross margin as an upper bound on a brand's contribution margin.
DAM_gross_margin_aggregate_091,A,DAMODARAN_MARGINS,gross_margin_aggregate,Trucking,industry:Trucking,,US,2026-01-05,0.211914,,,ratio,26.0,aggregate,aggregate_public_company_margin,"Gross margin of the industry: aggregated across US publicly traded companies in the group (not a single brand, not DTC specific).",,,damodaran,parsed from publisher file; gross margin = 1 - COGS/sales; ranges checked,high,Public company aggregate. Treat gross margin as an upper bound on a brand's contribution margin.
DAM_net_margin_aggregate_091,A,DAMODARAN_MARGINS,net_margin_aggregate,Trucking,industry:Trucking,,US,2026-01-05,0.037912,,,ratio,26.0,aggregate,aggregate_public_company_margin,"Net margin of the industry: aggregated across US publicly traded companies in the group (not a single brand, not DTC specific).",,,damodaran,parsed from publisher file; gross margin = 1 - COGS/sales; ranges checked,high,Public company aggregate. Treat gross margin as an upper bound on a brand's contribution margin.
DAM_gross_margin_aggregate_092,A,DAMODARAN_MARGINS,gross_margin_aggregate,Utility (General),industry:Utility (General),,US,2026-01-05,0.441752,,,ratio,14.0,aggregate,aggregate_public_company_margin,"Gross margin of the industry: aggregated across US publicly traded companies in the group (not a single brand, not DTC specific).",,,damodaran,parsed from publisher file; gross margin = 1 - COGS/sales; ranges checked,high,Public company aggregate. Treat gross margin as an upper bound on a brand's contribution margin.
DAM_net_margin_aggregate_092,A,DAMODARAN_MARGINS,net_margin_aggregate,Utility (General),industry:Utility (General),,US,2026-01-05,0.141786,,,ratio,14.0,aggregate,aggregate_public_company_margin,"Net margin of the industry: aggregated across US publicly traded companies in the group (not a single brand, not DTC specific).",,,damodaran,parsed from publisher file; gross margin = 1 - COGS/sales; ranges checked,high,Public company aggregate. Treat gross margin as an upper bound on a brand's contribution margin.
DAM_gross_margin_aggregate_093,A,DAMODARAN_MARGINS,gross_margin_aggregate,Utility (Water),industry:Utility (Water),,US,2026-01-05,0.589736,,,ratio,14.0,aggregate,aggregate_public_company_margin,"Gross margin of the industry: aggregated across US publicly traded companies in the group (not a single brand, not DTC specific).",,,damodaran,parsed from publisher file; gross margin = 1 - COGS/sales; ranges checked,high,Public company aggregate. Treat gross margin as an upper bound on a brand's contribution margin.
DAM_net_margin_aggregate_093,A,DAMODARAN_MARGINS,net_margin_aggregate,Utility (Water),industry:Utility (Water),,US,2026-01-05,0.211622,,,ratio,14.0,aggregate,aggregate_public_company_margin,"Net margin of the industry: aggregated across US publicly traded companies in the group (not a single brand, not DTC specific).",,,damodaran,parsed from publisher file; gross margin = 1 - COGS/sales; ranges checked,high,Public company aggregate. Treat gross margin as an upper bound on a brand's contribution margin.
DAM_gross_margin_aggregate_094,A,DAMODARAN_MARGINS,gross_margin_aggregate,Total Market,industry:Total Market,,US,2026-01-05,0.377574,,,ratio,5994.0,aggregate,aggregate_public_company_margin,"Gross margin of the industry: aggregated across US publicly traded companies in the group (not a single brand, not DTC specific).",,,damodaran,parsed from publisher file; gross margin = 1 - COGS/sales; ranges checked,high,Public company aggregate. Treat gross margin as an upper bound on a brand's contribution margin.
DAM_net_margin_aggregate_094,A,DAMODARAN_MARGINS,net_margin_aggregate,Total Market,industry:Total Market,,US,2026-01-05,0.097381,,,ratio,5994.0,aggregate,aggregate_public_company_margin,"Net margin of the industry: aggregated across US publicly traded companies in the group (not a single brand, not DTC specific).",,,damodaran,parsed from publisher file; gross margin = 1 - COGS/sales; ranges checked,high,Public company aggregate. Treat gross margin as an upper bound on a brand's contribution margin.
DAM_gross_margin_aggregate_095,A,DAMODARAN_MARGINS,gross_margin_aggregate,Total Market (without financials),industry:Total Market (without financials),,US,2026-01-05,0.343888,,,ratio,4822.0,aggregate,aggregate_public_company_margin,"Gross margin of the industry: aggregated across US publicly traded companies in the group (not a single brand, not DTC specific).",,,damodaran,parsed from publisher file; gross margin = 1 - COGS/sales; ranges checked,high,Public company aggregate. Treat gross margin as an upper bound on a brand's contribution margin.
DAM_net_margin_aggregate_095,A,DAMODARAN_MARGINS,net_margin_aggregate,Total Market (without financials),industry:Total Market (without financials),,US,2026-01-05,0.085584,,,ratio,4822.0,aggregate,aggregate_public_company_margin,"Net margin of the industry: aggregated across US publicly traded companies in the group (not a single brand, not DTC specific).",,,damodaran,parsed from publisher file; gross margin = 1 - COGS/sales; ranges checked,high,Public company aggregate. Treat gross margin as an upper bound on a brand's contribution margin.
PEP_US_POP_2025,A,CENSUS_PEP_2025,us_population,United States,general,,US,2025-07-01,341784857.0,,,people,,estimate,population_estimate,"Census Bureau Vintage 2025 resident population estimate (July 1, 2025): 50 states and DC (Puerto Rico is reported separately).",,,pep_states,50 states + DC sum to the US total; county rows sum to the same total,high,
CENSUS_ECOM_PCT_LATEST,A,CENSUS_ECOM,ecommerce_share_of_retail_pct,U.S. retail,general,,US,2026-04-01,17.1,,,pct,,seasonally_adjusted,ecommerce_share,"E-commerce sales as a percent of total retail sales, seasonally adjusted (Census Quarterly Retail E-Commerce Report).",,E-commerce sales in the second quarter of 2026 accounted for 17.1 percent of total sales.,census_ecom,Census page text matches FRED ECOMPCTSA latest observation,high,"Context only: the national share, not an advertiser benchmark."
CENSUS_ECOM_SALES_LATEST,A,CENSUS_ECOM,ecommerce_sales_usd,U.S. retail,general,,US,2026-04-01,340244000000.0,,,usd,,seasonally_adjusted,ecommerce_sales,"Quarterly e-commerce sales, adjusted for seasonal variation but not price changes.",,"... today that the estimate of U.S. retail e-commerce sales for the second quarter of 2026, adjusted for seasonal variation, but not for price changes, was $340.2 billion, an increase of 3.8 percent (±0.4 percent) from the first quarter of 2026.",census_ecom,Census page text ($340.2 billion) matches FRED ECOMSA to rounding,high,
FRED_RETAIL_SEAS_M01,A,FRED_RETAIL,retail_seasonal_index,month 01,general,,US,2021-01 to 2025-12,0.9078,0.90158,0.91599,ratio,5.0,mean_of_years,nsa_over_sa_ratio,"Not seasonally adjusted divided by seasonally adjusted U.S. retail trade sales (FRED RSXFSN / RSXFS) for this calendar month, 2021 to 2025 (low and high are the min and max year).",,,fred_RSXFS,ratio of two Census series; 12 months x 5 years; mean of ratios near 1,high,"Macro retail seasonality, not specific to any advertiser or channel."
FRED_RETAIL_SEAS_M02,A,FRED_RETAIL,retail_seasonal_index,month 02,general,,US,2021-01 to 2025-12,0.88716,0.8782,0.91625,ratio,5.0,mean_of_years,nsa_over_sa_ratio,"Not seasonally adjusted divided by seasonally adjusted U.S. retail trade sales (FRED RSXFSN / RSXFS) for this calendar month, 2021 to 2025 (low and high are the min and max year).",,,fred_RSXFS,ratio of two Census series; 12 months x 5 years; mean of ratios near 1,high,"Macro retail seasonality, not specific to any advertiser or channel."
FRED_RETAIL_SEAS_M03,A,FRED_RETAIL,retail_seasonal_index,month 03,general,,US,2021-01 to 2025-12,1.01326,1.00072,1.02115,ratio,5.0,mean_of_years,nsa_over_sa_ratio,"Not seasonally adjusted divided by seasonally adjusted U.S. retail trade sales (FRED RSXFSN / RSXFS) for this calendar month, 2021 to 2025 (low and high are the min and max year).",,,fred_RSXFS,ratio of two Census series; 12 months x 5 years; mean of ratios near 1,high,"Macro retail seasonality, not specific to any advertiser or channel."
FRED_RETAIL_SEAS_M04,A,FRED_RETAIL,retail_seasonal_index,month 04,general,,US,2021-01 to 2025-12,0.99873,0.98623,1.00436,ratio,5.0,mean_of_years,nsa_over_sa_ratio,"Not seasonally adjusted divided by seasonally adjusted U.S. retail trade sales (FRED RSXFSN / RSXFS) for this calendar month, 2021 to 2025 (low and high are the min and max year).",,,fred_RSXFS,ratio of two Census series; 12 months x 5 years; mean of ratios near 1,high,"Macro retail seasonality, not specific to any advertiser or channel."
FRED_RETAIL_SEAS_M05,A,FRED_RETAIL,retail_seasonal_index,month 05,general,,US,2021-01 to 2025-12,1.04633,1.03489,1.05539,ratio,5.0,mean_of_years,nsa_over_sa_ratio,"Not seasonally adjusted divided by seasonally adjusted U.S. retail trade sales (FRED RSXFSN / RSXFS) for this calendar month, 2021 to 2025 (low and high are the min and max year).",,,fred_RSXFS,ratio of two Census series; 12 months x 5 years; mean of ratios near 1,high,"Macro retail seasonality, not specific to any advertiser or channel."
FRED_RETAIL_SEAS_M06,A,FRED_RETAIL,retail_seasonal_index,month 06,general,,US,2021-01 to 2025-12,1.00589,0.99263,1.01496,ratio,5.0,mean_of_years,nsa_over_sa_ratio,"Not seasonally adjusted divided by seasonally adjusted U.S. retail trade sales (FRED RSXFSN / RSXFS) for this calendar month, 2021 to 2025 (low and high are the min and max year).",,,fred_RSXFS,ratio of two Census series; 12 months x 5 years; mean of ratios near 1,high,"Macro retail seasonality, not specific to any advertiser or channel."
FRED_RETAIL_SEAS_M07,A,FRED_RETAIL,retail_seasonal_index,month 07,general,,US,2021-01 to 2025-12,1.01774,1.00461,1.02606,ratio,5.0,mean_of_years,nsa_over_sa_ratio,"Not seasonally adjusted divided by seasonally adjusted U.S. retail trade sales (FRED RSXFSN / RSXFS) for this calendar month, 2021 to 2025 (low and high are the min and max year).",,,fred_RSXFS,ratio of two Census series; 12 months x 5 years; mean of ratios near 1,high,"Macro retail seasonality, not specific to any advertiser or channel."
FRED_RETAIL_SEAS_M08,A,FRED_RETAIL,retail_seasonal_index,month 08,general,,US,2021-01 to 2025-12,1.02558,1.01444,1.03347,ratio,5.0,mean_of_years,nsa_over_sa_ratio,"Not seasonally adjusted divided by seasonally adjusted U.S. retail trade sales (FRED RSXFSN / RSXFS) for this calendar month, 2021 to 2025 (low and high are the min and max year).",,,fred_RSXFS,ratio of two Census series; 12 months x 5 years; mean of ratios near 1,high,"Macro retail seasonality, not specific to any advertiser or channel."
FRED_RETAIL_SEAS_M09,A,FRED_RETAIL,retail_seasonal_index,month 09,general,,US,2021-01 to 2025-12,0.96586,0.95341,0.97116,ratio,5.0,mean_of_years,nsa_over_sa_ratio,"Not seasonally adjusted divided by seasonally adjusted U.S. retail trade sales (FRED RSXFSN / RSXFS) for this calendar month, 2021 to 2025 (low and high are the min and max year).",,,fred_RSXFS,ratio of two Census series; 12 months x 5 years; mean of ratios near 1,high,"Macro retail seasonality, not specific to any advertiser or channel."
FRED_RETAIL_SEAS_M10,A,FRED_RETAIL,retail_seasonal_index,month 10,general,,US,2021-01 to 2025-12,1.00334,0.99294,1.01581,ratio,5.0,mean_of_years,nsa_over_sa_ratio,"Not seasonally adjusted divided by seasonally adjusted U.S. retail trade sales (FRED RSXFSN / RSXFS) for this calendar month, 2021 to 2025 (low and high are the min and max year).",,,fred_RSXFS,ratio of two Census series; 12 months x 5 years; mean of ratios near 1,high,"Macro retail seasonality, not specific to any advertiser or channel."
FRED_RETAIL_SEAS_M11,A,FRED_RETAIL,retail_seasonal_index,month 11,general,,US,2021-01 to 2025-12,1.01704,1.00411,1.02218,ratio,5.0,mean_of_years,nsa_over_sa_ratio,"Not seasonally adjusted divided by seasonally adjusted U.S. retail trade sales (FRED RSXFSN / RSXFS) for this calendar month, 2021 to 2025 (low and high are the min and max year).",,,fred_RSXFS,ratio of two Census series; 12 months x 5 years; mean of ratios near 1,high,"Macro retail seasonality, not specific to any advertiser or channel."
FRED_RETAIL_SEAS_M12,A,FRED_RETAIL,retail_seasonal_index,month 12,general,,US,2021-01 to 2025-12,1.11247,1.10139,1.12108,ratio,5.0,mean_of_years,nsa_over_sa_ratio,"Not seasonally adjusted divided by seasonally adjusted U.S. retail trade sales (FRED RSXFSN / RSXFS) for this calendar month, 2021 to 2025 (low and high are the min and max year).",,,fred_RSXFS,ratio of two Census series; 12 months x 5 years; mean of ratios near 1,high,"Macro retail seasonality, not specific to any advertiser or channel."
HAUS_N_EXPERIMENTS,B,HAUS_META_REPORT,study_n_experiments,Haus Meta experiments,general,,US,,640.0,,,count,640.0,count,study_size,Number of Meta incrementality experiments analysed.,,"Insights from 640 Meta incrementality tests Understanding the data Before we get into it, here are a few ...",haus,verbatim quote extracted from the fetched primary page; numbers matched,medium,
HAUS_TEST_DAYS,B,HAUS_META_REPORT,test_duration_days,"Average Meta test, excluding post-treatment window",general,,US,,18.6,,,days,640.0,mean,design_parameter,"Average test length in days, excluding the post-treatment observation window.",,"Insights from 640 Meta incrementality tests Understanding the data Before we get into it, here are a few notes on the test data and terminology in this research: The average test in this study ran for 18.6 days with an 8.8-day post-treatment observation window (PTW) for a total test duration of approximately 27.4 days.",haus,verbatim quote extracted from the fetched primary page; numbers matched,medium,Total including the 8.8 day post-treatment window is about 27.4 days.
HAUS_PTW_DAYS,B,HAUS_META_REPORT,post_treatment_window_days,Average post-treatment observation window,general,,US,,8.8,,,days,640.0,mean,design_parameter,Average post-treatment observation window in days.,,"Insights from 640 Meta incrementality tests Understanding the data Before we get into it, here are a few notes on the test data and terminology in this research: The average test in this study ran for 18.6 days with an 8.8-day post-treatment observation window (PTW) for a total test duration of approximately 27.4 days.",haus,verbatim quote extracted from the fetched primary page; numbers matched,medium,
HAUS_AVG_SPEND,B,HAUS_META_REPORT,advertiser_annual_spend_usd,Average advertiser annual Meta spend,general,,US,,14000000.0,,,usd_per_year,,mean,study_population,Average annual Meta spend of advertisers in the study.,,The average advertiser in this study spends $14 million annually on Meta.,haus,verbatim quote extracted from the fetched primary page; numbers matched,medium,
HAUS_META_LIFT,B,HAUS_META_REPORT,meta_lift_primary_kpi_pct,Meta,general,Meta Ads,US,,19.0,,,pct,640.0,mean,lift_pct_on_primary_kpi,"Lift in the brand's primary business KPI caused by Meta (percent), from Haus geo experiments. Not an iROAS and not an incrementality factor.",,"Meta drove on average ∼19% lift to brands' primary KPI and, for omnichannel brands, 32% of the channel's impact went to non-DTC sales.",haus,verbatim quote extracted from the fetched primary page; numbers matched,medium,Reported as about 19% (the page uses an approximation sign). Do not compare with iROAS or incrementality factors.
HAUS_IF_MID,B,HAUS_META_REPORT,if_multiplier_vs_lower_funnel,Mid-funnel optimization,general,Meta Ads,US,,1.3,,,ratio,,mean,incrementality_factor_ratio,"Average ratio of the incrementality factor of this tactic to lower-funnel campaigns, calibrated on a 7-day click, 1-day view window.","7-day click, 1-day view","Below are the average ratios between the incrementality factors brands saw on these tactics relative to lower-funnel campaigns (calibrating against a 7-day click, 1-day view window): Mid-funnel optimization: 1.3x Traffic optimization: 2.4x Reach and awareness optimization: 6.0x For example, if your IF on lower-funnel is 1.0x, that means $100 in platform-reported revenue would correlate to $100 of incremental revenue ...",haus,verbatim quote extracted from the fetched primary page; numbers matched,medium,
HAUS_IF_TRAFFIC,B,HAUS_META_REPORT,if_multiplier_vs_lower_funnel,Traffic optimization,general,Meta Ads,US,,2.4,,,ratio,,mean,incrementality_factor_ratio,"Average ratio of the incrementality factor of this tactic to lower-funnel campaigns, calibrated on a 7-day click, 1-day view window.","7-day click, 1-day view","Below are the average ratios between the incrementality factors brands saw on these tactics relative to lower-funnel campaigns (calibrating against a 7-day click, 1-day view window): Mid-funnel optimization: 1.3x Traffic optimization: 2.4x Reach and awareness optimization: 6.0x For example, if your IF on lower-funnel is 1.0x, that means $100 in platform-reported revenue would correlate to $100 of incremental revenue ...",haus,verbatim quote extracted from the fetched primary page; numbers matched,medium,
HAUS_IF_REACH,B,HAUS_META_REPORT,if_multiplier_vs_lower_funnel,Reach and awareness optimization,general,Meta Ads,US,,6.0,,,ratio,,mean,incrementality_factor_ratio,"Average ratio of the incrementality factor of this tactic to lower-funnel campaigns, calibrated on a 7-day click, 1-day view window.","7-day click, 1-day view","Below are the average ratios between the incrementality factors brands saw on these tactics relative to lower-funnel campaigns (calibrating against a 7-day click, 1-day view window): Mid-funnel optimization: 1.3x Traffic optimization: 2.4x Reach and awareness optimization: 6.0x For example, if your IF on lower-funnel is 1.0x, that means $100 in platform-reported revenue would correlate to $100 of incremental revenue ...",haus,verbatim quote extracted from the fetched primary page; numbers matched,medium,
HAUS_ADVPLUS_IROAS,B,HAUS_META_REPORT,advantage_plus_vs_manual_diroas_pct,Advantage+ vs Manual,general,Meta Ads,US,,-12.0,,,pct,,mean,relative_iroas_difference,Average difference in DTC-only incremental ROAS of Advantage+ campaigns versus Manual campaigns.,,"On average, Advantage+ drove 12% lower DTC iROAS at 18% lower daily spend.",haus,verbatim quote extracted from the fetched primary page; numbers matched,medium,
HAUS_IF_DEFINITION,B,HAUS_META_REPORT,definition_incrementality_factor,Definition,general,,US,,,,,text,,definition,definition,"Incrementality factor: incremental sales a channel drives divided by sales reported in-platform (here on a 7-day click, 1-day view window).",,Upper-funnel tests ran for slightly longer on average (34.4 days). An incrementality factor (IF) is the ratio between the amount of incremental sales a channel drives relative to the sales reported in-platform.,haus,verbatim quote extracted from the fetched primary page; numbers matched,medium,
GORDON_N_EXPERIMENTS,B,GORDON_2019,study_n_experiments,Facebook field experiments,general,,US,,15.0,,,count,15.0,count,study_size,Number of U.S. advertising randomized experiments at Facebook in the study.,,"Using data from 15 U.S. advertising experiments at Facebook comprising 500 million user-experiment observations and 1.6 billion ad impressions, we contrast the experimental results to those obtained from multiple observational models.",gordon,verbatim quote extracted from the fetched primary page; numbers matched,high,"Peer reviewed (Marketing Science, 2019). Abstract quoted."
GORDON_FINDING,B,GORDON_2019,finding_observational_vs_rct,Observational vs randomized,general,,US,,,,,text,15.0,qualitative,qualitative,"Observational methods often fail to reproduce the effects measured by randomized experiments, even with extensive controls. The abstract does not state a direction of bias.",,"... and 1.6 billion ad impressions, we contrast the experimental results to those obtained from multiple observational models. The observational methods often fail to produce the same effects as the randomized experiments, even after conditioning on extensive demographic and behavioral variables.",gordon,verbatim quote extracted from the fetched primary page; numbers matched,high,Do not describe this as 'overestimation': the abstract does not say that.
LEWIS_N_EXPERIMENTS,B,LEWIS_RAO_2015,study_n_experiments,Retail and brokerage field experiments,general,,US,,25.0,,,count,25.0,count,study_size,Number of large field experiments with major U.S. retailers and brokerages.,,"Twenty-five large field experiments with major U.S. retailers and brokerages, most reaching millions of customers and collectively representing $2.8 million in digital advertising expenditure, reveal that measuring the returns to advertising is difficult.",lewis,verbatim quote extracted from the fetched primary page; numbers matched,high,"Peer reviewed (QJE, 2015). Abstract quoted."
LEWIS_ROI_CI,B,LEWIS_RAO_2015,roi_ci_width_pp_median,ROI estimates from experiments,general,,US,,,100.0,,pp,25.0,lower_bound,uncertainty,Median width of the confidence interval on ROI across the experiments: over 100 percentage points (a lower bound).,,"... $2.8 million in digital advertising expenditure, reveal that measuring the returns to advertising is difficult. The median confidence interval on return on investment is over 100 percentage points wide.",lewis,verbatim quote extracted from the fetched primary page; numbers matched,high,
LEWIS_CV,B,LEWIS_RAO_2015,individual_sales_cv,Individual-level sales,general,,US,,10.0,,,ratio,25.0,typical,uncertainty,Coefficient of variation of individual-level sales relative to per-capita ad cost; 10 is described as common.,,"Detailed sales data show that relative to the per capita cost of the advertising, individual-level sales are very volatile; a coefficient of variation of 10 is common.",lewis,verbatim quote extracted from the fetched primary page; numbers matched,high,
LEWIS_PERSON_WEEKS,B,LEWIS_RAO_2015,required_person_weeks,Informative advertising experiments,general,,US,,,10000000.0,,person_weeks,25.0,lower_bound,uncertainty,Informative advertising experiments can easily require more than 10 million person-weeks (a lower bound).,,"Hence, informative advertising experiments can easily require more than 10 million person-weeks, making experiments costly and potentially infeasible for many firms.",lewis,verbatim quote extracted from the fetched primary page; numbers matched,high,
LITTLEDATA_N_STORES,B,LITTLEDATA_BENCHMARKS,study_n_stores,Shopify stores in the benchmark,general,,US,,421.0,,,count,421.0,count,study_size,"Stores meeting inclusion rules: Littledata users with GA4, at least 1,000 sessions and 90 purchases in 90 days.",,"Shopify benchmarks for 10 metrics, from 421 Shopify stores, September 2026.",littledata,verbatim quote extracted from the fetched primary page; numbers matched,medium,
LITTLEDATA_CVR_ALL,B,LITTLEDATA_BENCHMARKS,site_cvr_median_pct,All Shopify stores,ecommerce_all,,US,,1.4,,,pct,421.0,median,site_session_conversion,"Median share of website sessions that included at least one purchase (session-based, site-wide, all traffic). Not a paid-ad click conversion rate.",,1.4% Median conversion rate $110 Median average order value 6.5% Median add-to-cart rate 53% Median checkout completion ...,littledata,verbatim quote extracted from the fetched primary page; numbers matched,medium,
LITTLEDATA_AOV_ALL,B,LITTLEDATA_BENCHMARKS,site_aov_median_usd,All Shopify stores,ecommerce_all,,US,,110.0,,,usd,421.0,median,site_aov,"Median average order value across stores, USD.",,$110 Median average order value 6.5% Median add-to-cart rate 53% Median checkout completion rate Home > ...,littledata,verbatim quote extracted from the fetched primary page; numbers matched,medium,
LITTLEDATA_CVR_FASHION,B,LITTLEDATA_BENCHMARKS,site_cvr_median_pct,Fashion & Apparel,fashion_apparel,,US,,1.3,,,pct,69.0,median,site_session_conversion,Median site session conversion rate for Fashion & Apparel stores.,,Fashion & Apparel 69 1.3% $98 Home & Furniture 54 0.8% $239 Beauty & Skincare 33 2.6% $66 Health & ...,littledata,verbatim quote extracted from the fetched primary page; numbers matched,medium,
LITTLEDATA_AOV_FASHION,B,LITTLEDATA_BENCHMARKS,site_aov_median_usd,Fashion & Apparel,fashion_apparel,,US,,98.0,,,usd,69.0,median,site_aov,"Median average order value for Fashion & Apparel stores, USD.",,Fashion & Apparel 69 1.3% $98 Home & Furniture 54 0.8% $239 Beauty & Skincare 33 2.6% $66 Health & ...,littledata,verbatim quote extracted from the fetched primary page; numbers matched,medium,
LITTLEDATA_CVR_HOME,B,LITTLEDATA_BENCHMARKS,site_cvr_median_pct,Home & Furniture,home_furniture,,US,,0.8,,,pct,54.0,median,site_session_conversion,Median site session conversion rate for Home & Furniture stores.,,Home & Furniture 54 0.8% $239 Beauty & Skincare 33 2.6% $66 Health & Supplements 33 2.5% $76 ...,littledata,verbatim quote extracted from the fetched primary page; numbers matched,medium,
LITTLEDATA_AOV_HOME,B,LITTLEDATA_BENCHMARKS,site_aov_median_usd,Home & Furniture,home_furniture,,US,,239.0,,,usd,54.0,median,site_aov,"Median average order value for Home & Furniture stores, USD.",,Home & Furniture 54 0.8% $239 Beauty & Skincare 33 2.6% $66 Health & Supplements 33 2.5% $76 ...,littledata,verbatim quote extracted from the fetched primary page; numbers matched,medium,
LITTLEDATA_CVR_BEAUTY,B,LITTLEDATA_BENCHMARKS,site_cvr_median_pct,Beauty & Skincare,beauty_skincare,,US,,2.6,,,pct,33.0,median,site_session_conversion,Median site session conversion rate for Beauty & Skincare stores.,,Beauty & Skincare 33 2.6% $66 Health & Supplements 33 2.5% $76 Shopify benchmark questions What is ...,littledata,verbatim quote extracted from the fetched primary page; numbers matched,low,Only 33 stores (the minimum to publish).
LITTLEDATA_AOV_BEAUTY,B,LITTLEDATA_BENCHMARKS,site_aov_median_usd,Beauty & Skincare,beauty_skincare,,US,,66.0,,,usd,33.0,median,site_aov,"Median average order value for Beauty & Skincare stores, USD.",,Beauty & Skincare 33 2.6% $66 Health & Supplements 33 2.5% $76 Shopify benchmark questions What is ...,littledata,verbatim quote extracted from the fetched primary page; numbers matched,low,Only 33 stores.
LITTLEDATA_CVR_HEALTH,B,LITTLEDATA_BENCHMARKS,site_cvr_median_pct,Health & Supplements,health_supplements,,US,,2.5,,,pct,33.0,median,site_session_conversion,Median site session conversion rate for Health & Supplements stores.,,Health & Supplements 33 2.5% $76 Shopify benchmark questions What is the average website conversion ...,littledata,verbatim quote extracted from the fetched primary page; numbers matched,low,Only 33 stores.
LITTLEDATA_AOV_HEALTH,B,LITTLEDATA_BENCHMARKS,site_aov_median_usd,Health & Supplements,health_supplements,,US,,76.0,,,usd,33.0,median,site_aov,"Median average order value for Health & Supplements stores, USD.",,Health & Supplements 33 2.5% $76 Shopify benchmark questions What is the average website conversion ...,littledata,verbatim quote extracted from the fetched primary page; numbers matched,low,Only 33 stores.
